file,id,sequence
bpRNA_CRW_34879.fasta,bpRNA_CRW_34879|Accession,GGCGGAUGUAGCCAAGUGGAUCAAGGCAG
bpRNA_CRW_47678.fasta,bpRNA_CRW_47678|Accession,GUCAGGAUAGCUCAGUUG
bpRNA_CRW_43733.fasta,bpRNA_CRW_43733|Accession,CGCGGGGUAGAGCAGUUGGUAGCUCGCCGGGCUCAUAACCCGGAGGUCGCAGGUUCGAGUCCUGCCCCCGCAACCA
bpRNA_CRW_41054.fasta,bpRNA_CRW_41054|Accession,GCGUCAUUAGCUCAGUUGGUAGAGCACACGACUUUUAAUCGUGUUGUCACAAGUUCAAAUCUUGUAUGACGCACCA
bpRNA_CRW_18252.fasta,bpRNA_CRW_18252|Accession,GGGAAGUCCUCGAUGUUGCACC
bpRNA_CRW_43613.fasta,bpRNA_CRW_43613|Accession,GGCUACGUAGCUCAGUUGGUUAGAGCACAUCACUCAUAAUGAUGGGGUCACAGGUUCGAAUCCCGUCGUAGCCACCA
bpRNA_RFAM_1305.fasta,RF00001_X59479.1_518-634,UUCGGUGGUCAUAGCGUUAGGGAAACGCCCGGUUACAUUUCGAACCCGGAAGCUAAGCCUUUCAGCGCCGAUGGUACUGCAGGGGGGACCCUGUGGGAGAGUAGGACGCCGCCGAAC
bpRNA_RFAM_62395.fasta,RF01725_AACY023311957.1_783-659,CCCUCACAUCACGAGUGGCUCGGUUUUCCGGGCUCGGCAACCUGGGGCGAACACCCAAGGUGCCAACCCACCUUUGGUGGGGAUGCGGCUUCCACCUUCCGGUGUCGGCAACAACCAGUUCGAGG
bpRNA_CRW_16383.fasta,bpRNA_CRW_16383|Accession,CCUGGUGACCAUAGCAAGUUGGAACCACUCCUUCCCAUCCCGAACAGGACCGUGAAACGACUUCGCGCCGAUGAUAGUGCGGACUACCCGUGUGAAAGUAGGUCAUCGCCAGGC
bpRNA_CRW_45098.fasta,bpRNA_CRW_45098|Accession,GCCCAGAUAGCUCAGUCGGUAGAGCAGGGGACUGAAAAUCCCCGUGUCGGUGGUUCGAUUCCGCCUCUGGGCACCA
bpRNA_CRW_16106.fasta,bpRNA_CRW_16106|Accession,UGCUUGGCGACCAUAGCGUUUUGGACCCACCUGACUCCAUUCCGAACUCAGAAGUGAAACGAAAUAGCGUCGAUGGUAGUGUGGGGUUUCCCCAUGUGAGAGUAGAACAUCGCCAGGC
bpRNA_CRW_9131.fasta,bpRNA_CRW_9131|Accession,AAGAGAGUUUGAUCCUGGCUCAGGACGAACGCUGGCGGCGUGCCUAAUACAUGCAAGUCGAACGAACGGAGGAAGAGCUUGCUCUUCCAAAGUUAGUGGCGGACGGGUGAGUAACACGUGGGCAACCUGCCUGUAAGUUGGGGAUAACUCCGGGAAACCGGGGCUAAUACCGAAUGAUAAAGUGUGGCGCAUGCCAUGCUUUUGAAAGAUGGUUUCGGCUAUCGCUUACAGAUGGGCCCGCGGUGCAUUAGCUAGUUGGUAGGGUAAUGGCCUACCAAGGCAACGAUGCAUAGCCGACCUGAGAGGGUGAUCGGCCACACUGGGACUGAGACACGGCCCAGACUCCUACGGGAGGCAGCAGUAGGGAAUCUUCCGCAAUGGACGAAAGUCUGACGGAGCAACGCCGCGUGUAUGAAGAAGGUUUUCGGAUCGUAAAGUACUGUUGUUAGAGAAGAACAAGGAUAAGAGUAACUGCUUGUCCCUUGACGGUAUCUAACCAGAAAGCCACGGCUAACUACGUGCCAGCAGCCGCGGUAAUACGUAGGUGGCAAGCGUUGUCCGGAUUUAUUGGGCGUAAAGCGCGCGCAGGCGGUCUUUUAAGUCUGAUGUGAAAGCCCCCGGCUUAACCGGGGAGGGUCAUUGGAAACUGGAAGACUGGAGUGCAGAAGAGGAGAGUGGAAUUCCACGUGUAGCGGUGAAAUGCGUAGAUAUGUGGAGGAACACCAGUGGCGAAGGCGACUCUCUGGUCUGUAACUGACGCUGAGGCGCGAAAGCGUGGGGAGCAAACAGGAUUAGAUACCCUGGUAGUCCACGCCGUAAACGAUGAGUGCUAAGUGUUAGGGGGUUUCCGCCCCUUAGUGCUGCAGCUAACGCAUUAAGCACUCCGCCUGGGGAGUACGACCGCAAGGUUGAAACUCAAAGGAAUUGACGGGGGCCCGCACAAGCGGUGGAGCAUGUGGUUUAAUUCGAAGCAACGCGAAGAACCUUACCAGGUCUUGACAUCCUUUGACCACUCUGGAGACAGAGCUUUCCCUUCGGGGACAAAGUGACAGGUGGUGCAUGGUUGUCGUCAGCUCGUGUCGUGAGAUGUUGGGUUAAGUCCCGCAACGAGCGCAACCCUUGAUUUUAGUUGCCAGCAUUUAGUUGGGCACUCUAAAGUGACUGCCGGUGCAAGCCGGAGGAAGGUGGGGAUGACGUCAAAUCAUCAUGCCCCUUAUGACCUGGGCUACACACGUGCUACAAUGGAUAGUACAAAGGGUCGCGAAGCCGCGAGGUGGAGCUAAUCCCAUAAAACUAUUCUCAGUUCGGAUUGUAGGCUGCAACUCGCCUACAUGAAGCCGGAAUCGCUAGUAAUCGUGGAUCAGCAUGCCACGGUGAAUACGUUCCCGGGCCUUGUACACACCGCCCGUCACACCACGAGAGUUUGUAACACCCGAAGUCGGUAGGGUAACCUUUAUGGAGCCAGCCGCCGAAGGUGGGACAGAUAAUUGGGGUGAAGUCGUAACAAGGUA
bpRNA_RFAM_21783.fasta,RF00243_AE006471.1_61487-61592,UUGUAGUUAACGCUACGUUAAAAAAACAAGUUAAAUCGCCGAUACAGGGAGCUGUCACUCCCUGCAUCGACUGUCCAUAGAAUCCUUUGAGGAGGUUCCUAUGUGU
bpRNA_RFAM_2701.fasta,RF00005_J01395.1_2878-2951,GGGCUAUUAGCUCAGUUGGUUAGAGCGUUGCUUUGAUAAGGCAAAAGUCGAAAGUUCAAAUCUUUCAUAGCCCA
bpRNA_RFAM_73799.fasta,RF01942_AC158594.12_70552-70428,GUCUAGGACCUCUGGGUGGUCGCGCUGAUCCCGGACGAGCCCCCAAAUGAAAGACCCCCCCCCCCGAAGGGAGACCCUCACUCAAGCCUCGGGACAGCCGCGGACCCAAGAAGACACUGAGACCA
bpRNA_RFAM_74973.fasta,RF01999_AAGA01019987.1_408-289,GGUGGAACCGACCCACCAAUGUCGUUUUAUAGGAGAAGGCGUUAAACCACCUAAAGGUGCUGUUGUAAAGAGCGAUGGUACUGAGCGUUUAGGAAACGGCUAGUCAAGAACUGGUCAGGU
bpRNA_RFAM_73089.fasta,RF01895_AAEX03004507.1_73030-72929,UUUGGAGGCUGUGGUCCCAGAAUCGGGGUUUUGAGGGCGAGAUGAGUUUAUGUUUGAUCCAACUGGCCCACAAAGUCCCGCUUUUGGGGUCAUUCUAAACAU
bpRNA_RFAM_19465.fasta,RF00185_AF306516.1_477-576,CUGGGAAUAGACUGGGAGAUCUUCUGCUCUAUCUCAACAUCAGCUAAUAGGCACAGAGCGCCGAAGUAUGUAGCUGGUGGUGAGGAAGAACACAGGAUCU
bpRNA_RFAM_66361.fasta,RF01743_CP000425.1_808768-808614,AAUAAGAAAACGAGGUCCAAAAAUGACUAAUACACAAGCUUCUCUUAACUUGUUGUUGAAGGAGGGCUCACACUAGCUAAUUUAGCUAAAUGUGUGAGUCCUCUUUGGCGUUAGUCAUUGACGAGGAUGAAGAGACGUCCUCAGGACGUCUUUUU
bpRNA_CRW_6939.fasta,bpRNA_CRW_6939|Accession,AAUCCCAGGGCUCAACCCUGGAACUGCCUUUGAUACUGUCGAUCUGGAGUAUGGAAGAGGUGAGUGGAAUUCCGAGUGUAGAGGUGAAAUUCGUAGAUAUUCGGAGGAACACCAGUGGCGAAGGCGGCUCACUGGUCCAUAAAACGCUGAGGUGCGAAAGCGUGGGGAGCAAACAGGAUUAGAUACCCUGGUAGUCCACGCCGUAAACGAUGAAUGUUAGCCGUCGGGCAGUAUACUGUUCGGUGGCGCAGCUAACGCAUUAAACAUUCCGCCUGGGGAGUACGGUCGCAAGAUUAAAACUCAAAGGAAUUGACGGGGGCCCGCACAAGCGGUGGAGCAUGUGGUUUAAUUCGAAGCAACGCGCAGAACUU
bpRNA_RFAM_48867.fasta,RF01227_AARH01010454.1_31951-31833,AUCCCAGUUAAUGUUGUUAUCAAUGAUUAUCUGAUUCAUGGGAGGCAAAUAACAAAUUGGGAGUUCGCUGAUAGCACCUUUUUUAAAAAGGUGUUUUACUAGUACCUCACCAUACAUGU
bpRNA_RFAM_13759.fasta,RF00106_S42973.1_3-107,AGUAUUUGGUAUCUGCGCUCUGCUGAAGCCAGUUACCUUCGGAAAAAGAGUUGGUAGCUCUUGAUCCGGCAAACAAACCACCGCUGGUAGCGGUGGUUUUUUUGU
bpRNA_CRW_52823.fasta,bpRNA_CRW_52823|Accession,CGGGGCGUGGCGCAGCCUGGUAGCGCGCUUGUUUUGGGUACAAGAGGCCCCCGGUUCGAGUCCGGGCGCCCCGACCA
bpRNA_RNP_112.fasta,C.pneumoniae-AR39,AUCGGAAGAGAAAGGCAACCGCUGUUUAUAUUUCUCAAAAAAUAUAAAGAGAGGAAAGUCUGGACUUCAUAAGAGAAGAUACUGGAGAAAUUCCAGGGGCCGUAAGGCUACGGAAAGUGCAACAGAAAACACUCCGCUAUAAAAUUUAUUUUAUAGACAGGCUGAAAAUUCCUACUUUAGGAGUAGGAGCCAUUAAGGUGACUUAAUAGGCAUGCAAACCCUAUCUGAAGCAAGAGAAAAAAGCUUUUUGUGUCUGCAAAUGUGAGAGGAAUUCCUCCCAUAGGCUUUUUCGAAAUCGCUUGAGGGAUCUAGUAAUAGCUCCCCUAGAUGAAUGGUUGCCCUUAGGAUAGUUCGCAAGAGCUAUCUUAUAGACAGAAUCCAGCUUACCCUCUCUUCCGAUAUUUUU
bpRNA_RFAM_35919.fasta,RF00613_AAFC03072237.1_82864-82999,CAGGCUGUGAUGAUUGGCGCAGGGGUACGGACCUCAGCUGAUGAUGGGAGCUGAGUGUAUGUGCUUCUCCUUCGUCCUGCAUGUGGCAGGAUGCUGGUGAGCACUUACAUGAGACUUGUGCCUUAAUCUGAGCCUG
bpRNA_CRW_53842.fasta,bpRNA_CRW_53842|Accession,GGAUCCGUGGCGCAAUGGUAGCGCGUCUGACUCCAGAUCAGAAGGUUGCGUGUUCGAUUCACGUCGGGUUCA
bpRNA_CRW_32432.fasta,bpRNA_CRW_32432|Accession,GCGGAUGUAGCGCAGUUGGUAGCGCAUCACCUUGCCAAGGUGAGGGUCGCGGGUUCGAAUCCCGUCAUCCGCUCGA
bpRNA_CRW_37499.fasta,bpRNA_CRW_37499|Accession,GCUCUUGUAGCUCAGUGGCAGAGCACGGGUCUUAUGAGCCCGUGGUCAUGGGUUCGAAUCCCAUCAGGAGCA
bpRNA_RFAM_4247.fasta,RF00007_AAGW02065961.1_10800-10651,AUGCCUUAAACUUAUGAGUAAGGAAAAUAACGAUUCGGGGUGACGCCCGAAUCCUCACUGCUAAUGUGAGACGAAUUUUUGAGCGGGUAAAGGUCGCCCCUAAGGUGACCCGCCUACUUUGCGGGAUGCCUGGGUGCCGCGAUCUGCCCG
bpRNA_RFAM_36241.fasta,RF00618_AANI01017162.1_86143-85990,ACUUUUCUUUUCUUGGGAAGCGGAAAUGUUCAAUUAACGUCGAGGCAGGAGUGUGUUGCUGACGAAAACGUUGAAACAUUAAUACACGUUUAAAAAUCUUAGGAUUAGCUUUCUAAAUUUCUGGAAAUUAACUCCCAUACUUUAAGGUGGUCGU
bpRNA_RFAM_6189.fasta,RF00013_BA000034.2_1725130-1725326,ACAUUGCUGUGGCAUACGAAUCCACAUCUAAGUGUUGACCGACUAUUUCUUUGUAUUUUCGGGAAACAAAGACUCUUUCUAGUCUGCAAGCCGUUUCACGCGGACGCAACUUCCAAGAAAGAGCGCGUUACCCACCUGCUUAUACUGCGCGGGCUCAAUACAAAAACGUGGAUCACCGGUGCCAAUACAGCAUUCUU
bpRNA_CRW_13924.fasta,bpRNA_CRW_13924|Accession,GCGUGAGUGAUGAAGGUCUUCGGAUCGUAAAACUCUGUUAUCAGGGAAGAACAAAUGUGUAAGUAACUGUGCACAUCUUGACGGUACCUGAUCAGAAAGCCACGGCUAACUACGUGCCAGCAGCCGCGGUAAUACGUAGGUGGCAAGCGUUAUCCGGAAUUAUUGGGCGUAAAGCGCGCGUAGGCGGUUUUUUAAGUCUGAUGUGAAAGCCCACGGCUCAACCGUGGAGGGUCAUUGGAAACUGGAAAACUUGAGUGCAGAAGAGGAAAGUGGAAUUCCAUGUGUAGCGGUGAAAUGCGCAGAGAUAUGGAGGAACACCAGUGGCGAAGGCGACUUUCUGGUCUGUAACUGACGCUGAUGUGCGAAAGCGUGGGGAUCAAACAGGAUUAGAUACCCUGGUAGUCCACGCCGUAAACGAUGAGUGCUAAGUGUUAGGGGGUUUCCGCCCCUUAGUGCUGCAGCUAACGCAUUAAGCACUCCGCCUGGGGAGUACGACCGCAAGGUUGAAACUCAAAGGAAUUGACGGGGACCCGCACAAGCGGUGGAGCAUGUGGUUUAAUUCGAAGCAACGCGAAGAACCUUACCAAAUCUUGACAUCCUUUGACCGCUCUAGAGAUAGAGUCUUCCCCUUCGGGGGACAAAGUGACAGGUGGUGCAUGGUUGUCGUCAGCUCGUGUCGUGAGAUGUUGGGUUAAGUCCCGCAACGAGCGCAACCCUUAAGCUUAGUUGCCAUCAUUAAGUUGGGCACUCUAAGUUGACUGCCGGUGACAAACCGGAGGAAGGUGGGAUGACGUCAA
bpRNA_CRW_9736.fasta,bpRNA_CRW_9736|Accession,CGAAUGGAUUAAGAGCUUGCUCUUAUGAAGUUAGCGGCGGACGGGUGAGUAACACGUGGGUAACCUGCCCAUAAGACUGGGAUAACUCCGGGAAACCGGGGCUAAUACCGGAUAACAUUUUGAACCGCAUGGUUCGAAAUUGAAAGGCGGCUUCGGCUGUCACUUAUGGAUGGACCCGCGUCGCAUUAGCUAGUUGGUGAGGUAACGGCUCACCAAGGCAACGAUGCGUAGCGACCUGAGAGGGUGAUCGGCCACACUGGGACUGAGACACGGCCCAGACUCCUACGGGAGGCAGCAGUAGGGAAUCUUCCGCAAUGGACGAAAGUCUGACGGAGCAACGCCGCGUGAGUGAUGAAGGCUUUCGGGUCGUAAAACUCUGUUGUUAGGGAAGAACAAGUGCUAGUUGAAUAAGCUGGCACCUUGACGGUACCUAACCAGAAAGCCACGGCUAACUACGUGCCAGCAGCCGCGGUAAUACGUAGGUGGCAAGCGUUAUCCGGAAUUAUUGGGCGUAAAGCGCGCGCAGGUGGUUUCUUAAGUCUGAUGUGAAAGCCCACGGCUCAACCGUGGAGGGUCAUUGGAAACUGGGAGACUUGAGUGCAGAAGAGGAAAGUGGAAUUCCAUGUGUAGCGGUGAAAUGCGUAGAGAUAUGGAGGAACACCAGUGGCGAAGGCGACUUUCUGGUCUGUAACUGACACUGAGGCGCGAAAGCGUGGGGAGCAAACAGGAUUAGAUACCCUGGUAGUCCACGCCGUAAACGAUGAGUGCUAAGUGUUAGAGGGUUUCCGCCCUUUAGUGCUGAAGUUAACGCAUUAAGCACUCCGCCUGGGGAGUACGGCCGCAAGGCUGAAACUCAAAGGAAUUGACGGGGGCCCGCACAAGCGGUGGAGCAUGUGGUUUAAUUCGAAGCAACGCGAAGAACCUUACCAGGUCUUGACAUCCUCUGAAAACCCUAGAGAUAGGGCUUCUCCUUCGGGAGCAGAGUGACAGGUGGUGCAUGGUUGA
bpRNA_CRW_48156.fasta,bpRNA_CRW_48156|Accession,GCCGGAAUAGCUCAGUUGGUAGAGCAGAGGACUGAAAAUCCUCGUGUCACCAGU
bpRNA_CRW_27788.fasta,bpRNA_CRW_27788|Accession,GCGACCGGGGCUGGCUUGGUAAUGGUACUCCCCUGUCACGGGAGAGAAUGUGGGUUCAAAUCCCAUCGGUCGCGCCA
bpRNA_RFAM_11521.fasta,RF00057_CP000647.1_1404566-1404503,UUCAGUACGACAUUGCUCACAUUGCUUCCAGUAUUUUUGCCCGCACUUGUGCGGGCUUUUUUUA
bpRNA_RFAM_3729.fasta,RF00005_X51398.1_2-75,GCUUGCUUAGCUCAAUUCGGUAGAGCUUUGGUUUUGUAAACCAAAGGUUAUCGGUUCAAGUCCGAUAGCAAGCU
bpRNA_CRW_21347.fasta,bpRNA_CRW_21347|Accession,GGGGCCAUAGCUCAGCUGGGAGAGCGCCUGCCUUGCACGCAGGAGGUCGGGAGUUCGAUCCUCCCUGGCUCCACCA
bpRNA_RFAM_70195.fasta,RF01794_CU928162.2_1707615-1707441,GGGUGCUUGAGGCUAUCUGCCUCGGGCAUGAACACCAACGGCAGAUAGAGAAAAGCCCCAGUUAACAUUAUGCGUCUUGCAGGACGCUUAACAUUAAUCUGAGGCCAAUUUCAUGCUAGUCACAUGUAGGUUAGCCUCUUACACGCCGAAAGGCAAGGAGAAGCAGGCUAUGAAG
bpRNA_RFAM_5497.fasta,RF00010_CP001098.1_1331603-1331257,UAAGUUGGCCGAAUGGUCGCGGCUAUAUAUAUAGCCGAGGAAAGUCCGAGCUUCACAGGGCAGGGUGCUGGGUAACACCCAGUGGAGGUGACUCCCAGGAAAGUGCCACAGAAACAAACCGCCUUACCUGUUUAAUGGUAAGGUAAGGGUGAAAAGGUGAGGUAAGAGCUCACCAGUGCCCAGGUGACUGGGUAGCUAGGUAAACCCCACCCGAAGCAAGUCCAUGUAGGGGGAGUUAAGGGUGGCCCGCCCGUUCCCCGGGUCUGGACGCUAAAGGUACCAGGCGACUGGUAUCUCAGAUAGAUGACCAUUCAAGACAGAACUCGGCUUACAGGUCAACUUAUACU
bpRNA_CRW_26861.fasta,bpRNA_CRW_26861|Accession,UCCGUGAUAGUUUAAUGGUCAGAAUGGGCGCCUGUCACGUGCCAGAUCGGGGUUCAAUUCCCCGUCGCGGAGCCA
bpRNA_CRW_14378.fasta,bpRNA_CRW_14378|Accession,GAUGAACGCUGGCGGCGUGCCUAAUACAUGCAAGUCGAGCGAACAGAUGAGAAGCUUGCUUCUCUGAUGUUAGCGGCGGACGGGUGAGUAACACGUGGGUAACCUACCUAUAAGACUGGGAUAACUCCGGGAAACCGGGGCUAAUACCGGAUAAUAUAUUGAACCGCAUGGUUCAAUGUUGAAAGACGGUUUCGGCUGUCACUUAUAGAUGGACCCGCGCCGUAUUAGCUAGUUGGUAAGGUAACGGCUUACCAAGGCAACGAUACGUAGCCGACCUGAGAGGGUGAUCGGCCACACUGGAACUGAGACACGGUCCAGACUCCUACGGGAGGCAGCAGUAGGGAAUCUUCCGCAAUGGGCGAAAGCCUGACGGAGCAACGCCGCGUGAGUGAUGAAGGUCUUAGGAUCGUAAAACUCUGUUGUUAGGGAAGAACAAAUUUGUUAGUAACUGAACAAGUCUUGACGGUACCUAACCAGAAAGCCACGGCUAACUACGUGCCAGCAGCCGCGGUAAUACGUAGGUGGCAAGCGUUAUCCGGAAUUAUUGGGCGUAAAGCGCGCGUAGGCGGUUUCUUAAGUCUGAUGUGAAAGCCCACGGCUCAACCGUGGAGGGUCAUUGGAAACUGGGGAACUUGAGUGCAGAAGAGGAGAGUGGAAUUCCAUGUGUAGCGGUGAAAUGCGCAGAGAUAUGGAGGAACACCAGUGGCGAAGGCGGCUCUCUGGUCUGUAACUGACGCUGAUGUGCGAAAGCGUGGGGAUCAAACAGGAUUAGAUACCCUGGUAGUCCACGCCGUAAACGAUGAGUGCUAAGUGUUAGGGGGUUUCCGCCCCUUAGUGCUGCAGCUAACGCAUUAAGCACUCCGCCUGGGGAGUACGACCGCAAGGUUGAAACUCAAAGGAAUUGACGGGGACCCGCACAAGCGGUGGAGCAUGUGGUUUAAUUCGAAGCAACGCGAAGAACCUUACCAAAUCUUGACAUCCUCUGACCGCUCUAGAGAUAGAGUUUUCCCCUUCGGGGGACAAAGUGACAGGUGGUGCAUGGUUGUCGUCAGCUCGUGUCGUGAGAUGUUGGGUUAAGUCCCGCAACGAGCGCAACCCUUAAGCUUAGUUGCCAUCAUUAAGUUGGGCACUCUAGGUUGACUGCCGGUGACAAACCGGAGGAAGGUGGGGAUGACGUCAAAUCAUCAUGCCCCUUAUGAUUUGGGCUACACACGUGCUACAAUGGAUAAUACAAAGGGCAGCGAACCCGCGAGGUCAAGCAAAUCCCAUAAAAUUAUUCUCAGUUCGGAUUGUAGUCUGCAACUCGACUACAUGAAGCUGGAAUCGCUAGUAAUCGUAGAUCAGCAUGCUACGGUGAAUACGUUCCCGGGUCUUGUACACACCGCCCGUCACACCACGAGAGUUUGUAACACCCGAAGCCGGUGGAGUAACCUUUUAUUAGGAGCUAGCCGUCGAAGGUGGGACAGAUGAUUGGGGUGAAGUCG
bpRNA_RFAM_781.fasta,RF00001_U18089.1_3485-3600,UCUGGCGGCCAUAGCGCAGUGGAACCACCCCUUCCCAUCUCGAACAGGACCGUGAAACGCUGCAGCGCCUAUGAUAGUUGAGGGUCUCCCUCCGCGAAAGUCGGUCACCGCCAGAC
bpRNA_RFAM_46733.fasta,RF01074_AF473561.1_1475-1514,GGGAAACGGGAGAGCGGCAGCGCCCGCCGAAACAACCGCA
bpRNA_CRW_49053.fasta,bpRNA_CRW_49053|Accession,GUUGGGAUACCUCAG
bpRNA_CRW_32013.fasta,bpRNA_CRW_32013|Accession,GCGGGCGUAGCUCAAUGGUAGAGCUGUAGCUUCCCAAGCUACUGACGUGGGUUCGAUUCCCAUCGCCCGCUCCA
bpRNA_CRW_41883.fasta,bpRNA_CRW_41883|Accession,GACUCGUUAGCUCAGCCGGUAGAGCAACUGGCUUUUAACCAGUGGGUCCGGGGUUCGAAUCCCCGACGAGUCACCA
bpRNA_CRW_16392.fasta,bpRNA_CRW_16392|Accession,CACCUCUUCCCAUUUCGAACAGAGAAGUUAAGCCCAA
bpRNA_RFAM_55663.fasta,RF01689_AACY023022368.1_358-488,AUACUGAAAUGCAUGGUGGGAAAUCAGUGUGAAAUUCAUUGGCUGUACCUGCAACCGUAAAGUCGGAGCGCCACCCAGUAAAGUCCGCUGUUGAAUGAGGGCCAGGGAGAGUCUAGUUCUACUAAUAUCUA
bpRNA_CRW_30182.fasta,bpRNA_CRW_30182|Accession,GGCCCGUUGGUCAAGUGGUUAAGACACCGCCCUUUCACGGCGGUAACACGGGUUCGAAUCCCGUACGGGUCAUCU
