id,sequence,nussinov_structure,zuker_structure,overlap_score,zuker_mfe,traceback_diversity,most_common_structure
bpRNA_CRW_34879|Accession,GGCGGAUGUAGCCAAGUGGAUCAAGGCAG,..(.....(.(((...(.(())).))))),(((.......)))................,0.0,-4.699999809265137,1.0,
bpRNA_CRW_47678|Accession,GUCAGGAUAGCUCAGUUG,..((..(((()).).))),..................,0.0,0.0,1.0,
bpRNA_CRW_43733|Accession,CGCGGGGUAGAGCAGUUGGUAGCUCGCCGGGCUCAUAACCCGGAGGUCGCAGGUUCGAGUCCUGCCCCCGCAACCA,.((.(((..(.(((...((.(.((((((.(((.(.(...(())))).).).))..)))))))))))))))).....,.((((((..((((........)))).(((((.......))))).....(((((.......))))))))))).....,0.08,-34.099998474121094,1.0,
bpRNA_CRW_41054|Accession,GCGUCAUUAGCUCAGUUGGUAGAGCACACGACUUUUAAUCGUGUUGUCACAAGUUCAAAUCUUGUAUGACGCACCA,((((((.((...((((((((.((.(((((((...(()))))))).))))).....)))..)).)))))))))....,(((((((..((((........))))((((((.......))))))....(((((.......))))))))))))....,0.4444444444444444,-23.700000762939453,1.0,
bpRNA_CRW_18252|Accession,GGGAAGUCCUCGAUGUUGCACC,(((((...((()).))).).)),(((.....)))...........,0.0,-1.100000023841858,1.0,
bpRNA_CRW_43613|Accession,GGCUACGUAGCUCAGUUGGUUAGAGCACAUCACUCAUAAUGAUGGGGUCACAGGUUCGAAUCCCGUCGUAGCCACCA,(((((((.(...(.(((.(((.((.(.(((((.(.()).))))))..))).)....).)).)..)))))))))....,((((((((.((((.........))))))............(((((((((........).))))))))))))))....,0.24,-24.700000762939453,1.0,
RF00001_X59479.1_518-634,UUCGGUGGUCAUAGCGUUAGGGAAACGCCCGGUUACAUUUCGAACCCGGAAGCUAAGCCUUUCAGCGCCGAUGGUACUGCAGGGGGGACCCUGUGGGAGAGUAGGACGCCGCCGAAC,(((((.((((.((.(.((((((...(.(((((.((((..(((....(((((((().)).)).)..))).)))).)))..).))))...)))).....).))))).)).)).).))).,((((((((((((.(((((((((....((((((((........)).))))..))....))))..)))))..)))...((((((((....))))))))...........))))))))).,0.0769230769230769,-42.099998474121094,1.0,
RF01725_AACY023311957.1_783-659,CCCUCACAUCACGAGUGGCUCGGUUUUCCGGGCUCGGCAACCUGGGGCGAACACCCAAGGUGCCAACCCACCUUUGGUGGGGAUGCGGCUUCCACCUUCCGGUGUCGGCAACAACCAGUUCGAGG,....(.(.(..(((....((.((((((....((.(.(.((((.((((.(.(.((((.(..(..(..((((((...)))))))))).)).)))).))..).))).))))))).))))))).))))),.((((...........(((((((....))))))).((((.((((((.......))).)))))))..((((((...))))))..((..(((..((((....))))..)))..))........)))),0.1463414634146341,-51.599998474121094,1.0,
bpRNA_CRW_16383|Accession,CCUGGUGACCAUAGCAAGUUGGAACCACUCCUUCCCAUCCCGAACAGGACCGUGAAACGACUUCGCGCCGAUGAUAGUGCGGACUACCCGUGUGAAAGUAGGUCAUCGCCAGGC,(((.(.(..(...(..(..(.(.((((((..(((((((.(((((((((..((.(.((.(.)))).))))..)).)..).)))).)....).).)))))).))))))))))))).,((((((((.....((((((((....(((((((((.......))..))))..)))...)))))).))(((.........((((.....)))).........)))..)))))))).,0.0789473684210526,-29.899999618530273,1.0,
bpRNA_CRW_45098|Accession,GCCCAGAUAGCUCAGUCGGUAGAGCAGGGGACUGAAAAUCCCCGUGUCGGUGGUUCGAUUCCGCCUCUGGGCACCA,((((((..((..(.(((.(.(((.(((((((.(.)...))))).))))..)....)))..).)).)))))))....,(((((((..((((........)))).(((((.......))))).....(((((.......))))))))))))....,0.4583333333333333,-33.599998474121094,1.0,
bpRNA_CRW_16106|Accession,UGCUUGGCGACCAUAGCGUUUUGGACCCACCUGACUCCAUUCCGAACUCAGAAGUGAAACGAAAUAGCGUCGAUGGUAGUGUGGGGUUUCCCCAUGUGAGAGUAGAACAUCGCCAGGC,.((.(((((...((.((.((((((((((((((.((((((((.((.((((.)).))....)))).).).)...).).))).))))).)..))..)....).)..))..))))))))).),.(((((((((((((.((((((((....(((((((.((......))..))))..)))...))))...))))..)))))...((((((...))))))...............)))))))),0.1538461538461538,-34.79999923706055,1.0,
bpRNA_CRW_9131|Accession,AAGAGAGUUUGAUCCUGGCUCAGGACGAACGCUGGCGGCGUGCCUAAUACAUGCAAGUCGAACGAACGGAGGAAGAGCUUGCUCUUCCAAAGUUAGUGGCGGACGGGUGAGUAACACGUGGGCAACCUGCCUGUAAGUUGGGGAUAACUCCGGGAAACCGGGGCUAAUACCGAAUGAUAAAGUGUGGCGCAUGCCAUGCUUUUGAAAGAUGGUUUCGGCUAUCGCUUACAGAUGGGCCCGCGGUGCAUUAGCUAGUUGGUAGGGUAAUGGCCUACCAAGGCAACGAUGCAUAGCCGACCUGAGAGGGUGAUCGGCCACACUGGGACUGAGACACGGCCCAGACUCCUACGGGAGGCAGCAGUAGGGAAUCUUCCGCAAUGGACGAAAGUCUGACGGAGCAACGCCGCGUGUAUGAAGAAGGUUUUCGGAUCGUAAAGUACUGUUGUUAGAGAAGAACAAGGAUAAGAGUAACUGCUUGUCCCUUGACGGUAUCUAACCAGAAAGCCACGGCUAACUACGUGCCAGCAGCCGCGGUAAUACGUAGGUGGCAAGCGUUGUCCGGAUUUAUUGGGCGUAAAGCGCGCGCAGGCGGUCUUUUAAGUCUGAUGUGAAAGCCCCCGGCUUAACCGGGGAGGGUCAUUGGAAACUGGAAGACUGGAGUGCAGAAGAGGAGAGUGGAAUUCCACGUGUAGCGGUGAAAUGCGUAGAUAUGUGGAGGAACACCAGUGGCGAAGGCGACUCUCUGGUCUGUAACUGACGCUGAGGCGCGAAAGCGUGGGGAGCAAACAGGAUUAGAUACCCUGGUAGUCCACGCCGUAAACGAUGAGUGCUAAGUGUUAGGGGGUUUCCGCCCCUUAGUGCUGCAGCUAACGCAUUAAGCACUCCGCCUGGGGAGUACGACCGCAAGGUUGAAACUCAAAGGAAUUGACGGGGGCCCGCACAAGCGGUGGAGCAUGUGGUUUAAUUCGAAGCAACGCGAAGAACCUUACCAGGUCUUGACAUCCUUUGACCACUCUGGAGACAGAGCUUUCCCUUCGGGGACAAAGUGACAGGUGGUGCAUGGUUGUCGUCAGCUCGUGUCGUGAGAUGUUGGGUUAAGUCCCGCAACGAGCGCAACCCUUGAUUUUAGUUGCCAGCAUUUAGUUGGGCACUCUAAAGUGACUGCCGGUGCAAGCCGGAGGAAGGUGGGGAUGACGUCAAAUCAUCAUGCCCCUUAUGACCUGGGCUACACACGUGCUACAAUGGAUAGUACAAAGGGUCGCGAAGCCGCGAGGUGGAGCUAAUCCCAUAAAACUAUUCUCAGUUCGGAUUGUAGGCUGCAACUCGCCUACAUGAAGCCGGAAUCGCUAGUAAUCGUGGAUCAGCAUGCCACGGUGAAUACGUUCCCGGGCCUUGUACACACCGCCCGUCACACCACGAGAGUUUGUAACACCCGAAGUCGGUAGGGUAACCUUUAUGGAGCCAGCCGCCGAAGGUGGGACAGAUAAUUGGGGUGAAGUCGUAACAAGGUA,.(((((..((.(.((...(.((..(((.((.((((((((.((.(...(.(((..((((..((((.((((.((((.(.(.(.(((.(.....(((((.((((((((((.((((.((((((.(((.(..((.(((.(((((..((((...(((.((.((.((((((((((.((((((((.(((((.(((.(.(((((((((..(((...((...(((..((((((.(((((((.((((.((.((((.((.(((((((((.(.(..((.((..((..((.(..(..(..(.(.(..(((..((.......(((.(((.((((((((((((.(.(.((((..((.(...((((.((.(((.((.((.(((.(.(((((.((((..(((((((.(((((.((.(((((((.(.(((((((((((.((((((.(((.((((((.(....((.(....(((.((..((.((((.((..(((((((...(((..(.(.((.(((((...(((((((.(((...(..(((.(.((..((.(.((.(.(..(...(..(...(.((.(...((((((((((((((..(.(.(.(.(((((((((..((((.((.(.((((..((....(..(.(((.....(.(((.(...(((((((..((.(((..(..((..((((.(.(.((((.(.((((.(.(((.(..(..(((.(.(.(.(.(((.......(.(((((..(....(((.(.(((.((((.(().).))).).)))))))))...).)))).).))).))).))))).)))).))).).))))).)).)...)..)...))))).)).))))....)))))))))))))).))).)).).).)).)))))).)).).))))))))..)))).)).)))..)..))).))))))))))).)))))).)..))))))))).)))..).).))))).))).)))))))).)).).)).))))))).).)))).))))).))).)).).)).).).).).).))).)..)))....).....).))))).)...)..).))))))))))))..).)))).)..).).)))..)))))))..).))..)))..)))..).)...))))))).)..))))))....).).).)..)))..))))).).))))).)))).).))))))))).)).))))..).).).))...).)))))).))))..).))).)).)).)..))))))..))))...)).).))))....)..)))..).).))))).)...)).)).))).))))))))..)).)..)..).))..)...)....)))))))).).)..)..).)...))))))))))))).))..))).).)))...)...)).).)...)))).).).)).).))))))))....).))))...))).)....)).).)).))).))).))))))).).)))....).).)..).))))).)).)).)..)....).,...((.(((((.(((((...)))))))))).))(((.(((((.......)))))..)))...........(((((((....)))))))...((((.((((.((((((((.((....(((((((..((...(((((((((((...((.((((((....)))))).))...)))......((((((((((....)))))))))).....((((((....))))))))))))))..)))))))))(((((((.(((..((((((((.......)))))))))))...))))))).((((((((....)))...)))))....(((((.(((.....)))))))).((((....))))......((.((.....(((((...(((((....))))).))))).....))))((((((....(((((((..(((.((((.....(((..((((((......((((((((((........))))).)))))......)))))))))..(((....)))..(((((((((.((....)))))...))))))((((((.((...(((((...(((((((((((...))))((((...((((((((((..(((((((......(((((((.....)))))).)...)))))))...))))))))))..)))).......((((((((..((((((((((.(((........)))..))))))))))...((((.(((((....((((((((.((..((((..((((((((..(((((....(((((((..((...((((.........))))))..)))))))((....))....))))).))))))))(((((....)))))(((((((..........)))))))((.((((((((...((((.(((((....)))))..))))..)))......)))))))((((....))))((.((((((((((((......))))......((((.(((....)))))))((((.((....(((((.(((........((((((((....))))..))))..))))))))....)).))))((.((((((.((((((((.....(((((..((.(......).))..))))).(.(((((((.(((((((.....))).))))..))))))).)((.(((((....)))))))......(((.((((.(......).)))).))))))))))).)))))))).)))))))).))....))))..)).))))))))...)))))..)))).................))))))))..(((((..(((((((........))))))).....)))))....)))))))...)))))..)).))))))......)))).))).))))))))))))))))))))))).((((.(((..((((((..((((....(.((((..(((..((.....)).))).)))).)...))))..))))))..))).))))..))))))))......,0.0,-559.5,1.0,
RF00243_AE006471.1_61487-61592,UUGUAGUUAACGCUACGUUAAAAAAACAAGUUAAAUCGCCGAUACAGGGAGCUGUCACUCCCUGCAUCGACUGUCCAUAGAAUCCUUUGAGGAGGUUCCUAUGUGU,...(((..(((.((.(..(.......((((((..((.((((((.(((((((.((.))))))))).))))...).).))).)..).)).))).)))))).)).....,..(((((....))))).......................((((.(((((((......))))))).))))......(((((...((((....))))...)))))...,0.3333333333333333,-28.799999237060547,1.0,
RF00005_J01395.1_2878-2951,GGGCUAUUAGCUCAGUUGGUUAGAGCGUUGCUUUGAUAAGGCAAAAGUCGAAAGUUCAAAUCUUUCAUAGCCCA,((((((.(.(...((.(..((.((.(.((((((((.()...)))).).).)).)).)))).))..)))))))).,(((((((..((((.........)))).(((((((...))))))).....(((((.......)))))))))))).,0.24,-22.799999237060547,1.0,
RF01942_AC158594.12_70552-70428,GUCUAGGACCUCUGGGUGGUCGCGCUGAUCCCGGACGAGCCCCCAAAUGAAAGACCCCCCCCCCCGAAGGGAGACCCUCACUCAAGCCUCGGGACAGCCGCGGACCCAAGAAGACACUGAGACCA,(((((((..((((..(.((((((((((.((((.((.(.(....(...((..(((......((((()..))).)....))..))).))))))))))))).))).))))).)).).).)).))))..,(((((((.(.(((((((..((((((((.((((((..(.((.......(((..(.(.(((.........))).).)..))).....)))))))))))).))))))))).))).).).)).))))..,0.5121951219512195,-35.0,1.0,
RF01999_AAGA01019987.1_408-289,GGUGGAACCGACCCACCAAUGUCGUUUUAUAGGAGAAGGCGUUAAACCACCUAAAGGUGCUGUUGUAAAGAGCGAUGGUACUGAGCGUUUAGGAAACGGCUAGUCAAGAACUGGUCAGGU,......(((((.(((.(..((((((((((.(.(((((..((((((((((((()..))))..))).)))....)).)..).))...).)).)..)))))...)..)).)...))))).))),(((((.......)))))((((((.((((....)))).))))))..(((.(((((((((((((((((.....))))))))))).....))))))....(((((((.....))))))).))),0.0,-36.29999923706055,1.0,
RF01895_AAEX03004507.1_73030-72929,UUUGGAGGCUGUGGUCCCAGAAUCGGGGUUUUGAGGGCGAGAUGAGUUUAUGUUUGAUCCAACUGGCCCACAAAGUCCCGCUUUUGGGGUCAUUCUAAACAU,(((..(....((.(.((((.((..((((.((((.((((......((..(.((...(()))))))).))).))))..))).)))).)))..))..)))))...,((((((....((((((((((((.((((((((((.((((.((.((.(.(((....))).))).)).)))).)))))))))).))))))))))))))))))...,0.4,-42.0,1.0,
RF00185_AF306516.1_477-576,CUGGGAAUAGACUGGGAGAUCUUCUGCUCUAUCUCAACAUCAGCUAAUAGGCACAGAGCGCCGAAGUAUGUAGCUGGUGGUGAGGAAGAACACAGGAUCU,........(((((..(.(.(((((..(((.(.(.(.((..(((((((((..(.(.(.(())))..)))).))))))))))))))))))).).)))..))),((((.......)))).(((((((.((.(((.(((((.(((((((((...(((.......)))........))))))))).))))).))).)).))))))),0.1764705882352941,-34.5,1.0,
RF01743_CP000425.1_808768-808614,AAUAAGAAAACGAGGUCCAAAAAUGACUAAUACACAAGCUUCUCUUAACUUGUUGUUGAAGGAGGGCUCACACUAGCUAAUUUAGCUAAAUGUGUGAGUCCUCUUUGGCGUUAGUCAUUGACGAGGAUGAAGAGACGUCCUCAGGACGUCUUUUU,....(.((((.((.((((.....((......(.((..(..((((((..(((((((.(.((.((((((((((((((((((()).)))))...))))))).)).))....).)))..))...)).)..).))))))))))..))))))).))))))),..............((((...((((((((((..(((((..........))))).(((.(((((((((((((((((((((...))))))...)))))))))))))))))))))))))))).....))))((((((((((((...)))))))))))),0.2181818181818181,-60.5,1.0,
bpRNA_CRW_6939|Accession,AAUCCCAGGGCUCAACCCUGGAACUGCCUUUGAUACUGUCGAUCUGGAGUAUGGAAGAGGUGAGUGGAAUUCCGAGUGUAGAGGUGAAAUUCGUAGAUAUUCGGAGGAACACCAGUGGCGAAGGCGGCUCACUGGUCCAUAAAACGCUGAGGUGCGAAAGCGUGGGGAGCAAACAGGAUUAGAUACCCUGGUAGUCCACGCCGUAAACGAUGAAUGUUAGCCGUCGGGCAGUAUACUGUUCGGUGGCGCAGCUAACGCAUUAAACAUUCCGCCUGGGGAGUACGGUCGCAAGAUUAAAACUCAAAGGAAUUGACGGGGGCCCGCACAAGCGGUGGAGCAUGUGGUUUAAUUCGAAGCAACGCGCAGAACUU,(((.((.((((((((((((.(..((.((......((.(.(..(.(...(..(....(.((.(.((..((((((...(.(.((.((....((..((.((.((.(((.(.((.(((..(((((((((.(.(.(((((.(((.(((((((.((.(.((.(((.((((((((.(..(((((((().)).)).)).).)))).).)...)..)).)...).)..))).)))..).)).)..).)).))...).))).)).)))......).))).)))))))...).)..)).))).)))))))))))).)))))).)).....))).)))))))).))))))).).))))......)).))..).))..))..)),....((((((.....))))))..((((((((.(((((.(......).))))).))))...((.(((...((((((((((..(.(.......).)..))))))))))...)))))((..((((...(((.(((((.(((((....((((...(((((...(((((((..((...((((.........))))))..)))))))((....))..(((((((.((((((((((((....))))))))))))...((....))....)))))))(.((((..((((..((((....))))...))))...........)))).)..))))).))))))))).)).))))))...))))..)).....)))).....,0.0172413793103448,-120.5,1.0,
RF01227_AARH01010454.1_31951-31833,AUCCCAGUUAAUGUUGUUAUCAAUGAUUAUCUGAUUCAUGGGAGGCAAAUAACAAAUUGGGAGUUCGCUGAUAGCACCUUUUUUAAAAAGGUGUUUUACUAGUACCUCACCAUACAUGU,(...((.((.(((.((((((.((..(..(.((..((..(.........(.((.(((....(.(.(.(((.())))))))))))))))).).).))).).))..))...)).))).)))),.((((((((....(((((.((.((((.........)))).)).)))))......))))))))....((((..((((((((((...))))))))))....))))................,0.0,-26.299999237060547,1.0,
RF00106_S42973.1_3-107,AGUAUUUGGUAUCUGCGCUCUGCUGAAGCCAGUUACCUUCGGAAAAAGAGUUGGUAGCUCUUGAUCCGGCAAACAAACCACCGCUGGUAGCGGUGGUUUUUUUGU,(..(......(.(..(.(.(.(((..(.((((.......(((.....(.(((..(.(.(.(((..(()))))))))))).))))))))))))).)))))......,.......((((.(((.((((....).)))))).))))..((((..(((((((...)))))))..))))(((((.(((((((((((...))))))))))).))))),0.0,-45.400001525878906,1.0,
bpRNA_CRW_52823|Accession,CGGGGCGUGGCGCAGCCUGGUAGCGCGCUUGUUUUGGGUACAAGAGGCCCCCGGUUCGAGUCCGGGCGCCCCGACCA,(((((((.((((.(.((.((..(.((.(....(((..(()))).))))))).))).))...))...)))))))....,(((((((((((((.((......)))))))......((((.......))))((((.......))))))))))))....,0.28,-35.79999923706055,1.0,
C.pneumoniae-AR39,AUCGGAAGAGAAAGGCAACCGCUGUUUAUAUUUCUCAAAAAAUAUAAAGAGAGGAAAGUCUGGACUUCAUAAGAGAAGAUACUGGAGAAAUUCCAGGGGCCGUAAGGCUACGGAAAGUGCAACAGAAAACACUCCGCUAUAAAAUUUAUUUUAUAGACAGGCUGAAAAUUCCUACUUUAGGAGUAGGAGCCAUUAAGGUGACUUAAUAGGCAUGCAAACCCUAUCUGAAGCAAGAGAAAAAAGCUUUUUGUGUCUGCAAAUGUGAGAGGAAUUCCUCCCAUAGGCUUUUUCGAAAUCGCUUGAGGGAUCUAGUAAUAGCUCCCCUAGAUGAAUGGUUGCCCUUAGGAUAGUUCGCAAGAGCUAUCUUAUAGACAGAAUCCAGCUUACCCUCUCUUCCGAUAUUUUU,((((((((((..(((.((..((((.....(.(((((......(((....(.(.(.(((((((((((((.((((.(..(...(.....((((((((((((.(.(((..(((..(..(.(.((((((((((.(....(((((.(((.((.((((.((((((..(..((((((.((.(((((.((.(((((((((((((.((.))))))).))).).)...)..))))).))..).)))))......)))).))))))..)))....).)..))))..)...)))).)))))))....).).))))....))))))..)))).))).).)..))))..)))))))))).).))).).)).)).)).)))))))))..))))).))))).)).)))))))))))......,(((((((((((.((((..((.((.(((((((((......))))))))).)).))...))))...((((......))))...(((((.....))))).((((....)))).((((..(((..........)))))))((((((((....))))))))..((((((.....((((((((...))))))))(((((((((....)))))).)))..((((.((.((((((...((((.((((((((((.(((((....)))))((((.((((....)))).)))))))))))).....)).)))).((((.(((....))).)))).))))))...)))))).(((((((((((((....))))))))))).))........))))))....)))))))))))......,0.1304347826086956,-131.3000030517578,1.0,
RF00613_AAFC03072237.1_82864-82999,CAGGCUGUGAUGAUUGGCGCAGGGGUACGGACCUCAGCUGAUGAUGGGAGCUGAGUGUAUGUGCUUCUCCUUCGUCCUGCAUGUGGCAGGAUGCUGGUGAGCACUUACAUGAGACUUGUGCCUUAAUCUGAGCCUG,(((((..(.(.((((((((((.((((((.(((((((.(..((((..(((.(.(((.(.(.(.()..))))).)))))).))))))..))).).).).).).).)...).))...)..)..))..))))).)))))),((((((..(((....(((((((((((....)))((((((.........))))))(((((.((((((..((..((((((((.....))))))))..)).)))))).)))))....))))))))...)))..)))))),0.1489361702127659,-64.0999984741211,1.0,
bpRNA_CRW_53842|Accession,GGAUCCGUGGCGCAAUGGUAGCGCGUCUGACUCCAGAUCAGAAGGUUGCGUGUUCGAUUCACGUCGGGUUCA,.((.((((...(.(((.(.(.(((.(((((.(.(.))))))).)....)))...).)))))))..)..).).,(((((((..((((.......))))(((((....))))).........(((((.......)))))))))))).,0.0454545454545454,-23.200000762939453,1.0,
bpRNA_CRW_32432|Accession,GCGGAUGUAGCGCAGUUGGUAGCGCAUCACCUUGCCAAGGUGAGGGUCGCGGGUUCGAAUCCCGUCAUCCGCUCGA,(((((((.(.((.(.((.(.(.(((((((((((().)))))))...).)))..).).))))..)))))))))....,(((((((..((((........)))).(((((((...))))))).....(((((.......))))))))))))....,0.5185185185185185,-32.20000076293945,1.0,
bpRNA_CRW_37499|Accession,GCUCUUGUAGCUCAGUGGCAGAGCACGGGUCUUAUGAGCCCGUGGUCAUGGGUUCGAAUCCCAUCAGGAGCA,((((.((.(..(..((.(((((.((((((.(.(().)))))))).)).))....).)..)..))))).))).,(((((((..(((....))).((.((((((((....)).)))))).))(((((.......)))))))))))).,0.52,-32.20000076293945,1.0,
RF00007_AAGW02065961.1_10800-10651,AUGCCUUAAACUUAUGAGUAAGGAAAAUAACGAUUCGGGGUGACGCCCGAAUCCUCACUGCUAAUGUGAGACGAAUUUUUGAGCGGGUAAAGGUCGCCCCUAAGGUGACCCGCCUACUUUGCGGGAUGCCUGGGUGCCGCGAUCUGCCCG,...((....(...(((.(.(((((((((.((((((.((((.(((.((((((((((((((().)..)))))..)).))......))))....).)).)))).))..)..)..)..)).)))......).)))...).))...)).))...),...(((((..(....)..)))))........((((((((......))))))))(((((.......))))).............(((((..((((((((((..((((..(((((.......)))))..)))))))....)))))))))))),0.1136363636363636,-57.70000076293945,1.0,
RF00618_AANI01017162.1_86143-85990,ACUUUUCUUUUCUUGGGAAGCGGAAAUGUUCAAUUAACGUCGAGGCAGGAGUGUGUUGCUGACGAAAACGUUGAAACAUUAAUACACGUUUAAAAAUCUUAGGAUUAGCUUUCUAAAUUUCUGGAAAUUAACUCCCAUACUUUAAGGUGGUCGU,((....(..((.(((((((.(.(((((.((.((.(((..((.(...(.((.(.(.((..(.....(((((.((....((())).)))))))))))))))).).))))..))...))))))).)....))..).)).).)....)))))......,...(((((....(((((((((...((((((...(((((((((.(((((.......)))))..)))...))))))))))))..............((((....)))).)))))))))......))))).......((((........))))....,0.0,-28.899999618530273,1.0,
RF00013_BA000034.2_1725130-1725326,ACAUUGCUGUGGCAUACGAAUCCACAUCUAAGUGUUGACCGACUAUUUCUUUGUAUUUUCGGGAAACAAAGACUCUUUCUAGUCUGCAAGCCGUUUCACGCGGACGCAACUUCCAAGAAAGAGCGCGUUACCCACCUGCUUAUACUGCGCGGGCUCAAUACAAAAACGUGGAUCACCGGUGCCAAUACAGCAUUCUU,(.(.((((((...((..(....(((..(...(.(.(((((.((...((.((((((..((((((((((((((.(((((((...(.((.((...(((((.(())))...)))))).))))))))))...)).......)).)).).)..).)).....)))))))))).)))).)))))))))).).)))))))))...,....(((((((((((.((.((((((......(((((((((.......(((((((.(((...))).)))))))(((((((((((.(((...((((.....))))..))))))....))))))))(((((..................))))))).)))))))......))))))...)))))))...)))))).....,0.2,-58.79999923706055,1.0,
bpRNA_CRW_13924|Accession,GCGUGAGUGAUGAAGGUCUUCGGAUCGUAAAACUCUGUUAUCAGGGAAGAACAAAUGUGUAAGUAACUGUGCACAUCUUGACGGUACCUGAUCAGAAAGCCACGGCUAACUACGUGCCAGCAGCCGCGGUAAUACGUAGGUGGCAAGCGUUAUCCGGAAUUAUUGGGCGUAAAGCGCGCGUAGGCGGUUUUUUAAGUCUGAUGUGAAAGCCCACGGCUCAACCGUGGAGGGUCAUUGGAAACUGGAAAACUUGAGUGCAGAAGAGGAAAGUGGAAUUCCAUGUGUAGCGGUGAAAUGCGCAGAGAUAUGGAGGAACACCAGUGGCGAAGGCGACUUUCUGGUCUGUAACUGACGCUGAUGUGCGAAAGCGUGGGGAUCAAACAGGAUUAGAUACCCUGGUAGUCCACGCCGUAAACGAUGAGUGCUAAGUGUUAGGGGGUUUCCGCCCCUUAGUGCUGCAGCUAACGCAUUAAGCACUCCGCCUGGGGAGUACGACCGCAAGGUUGAAACUCAAAGGAAUUGACGGGGACCCGCACAAGCGGUGGAGCAUGUGGUUUAAUUCGAAGCAACGCGAAGAACCUUACCAAAUCUUGACAUCCUUUGACCGCUCUAGAGAUAGAGUCUUCCCCUUCGGGGGACAAAGUGACAGGUGGUGCAUGGUUGUCGUCAGCUCGUGUCGUGAGAUGUUGGGUUAAGUCCCGCAACGAGCGCAACCCUUAAGCUUAGUUGCCAUCAUUAAGUUGGGCACUCUAAGUUGACUGCCGGUGACAAACCGGAGGAAGGUGGGAUGACGUCAA,...(((((.((..(...((((((.(.((...((.(.(.((.((..(.(((((.((((((.((.(((((((((.(.(((((.(((.(.((.(.(..(((.((((.((.((((((..(((((((.((.(..(..((((((((.((.((((.((((.(....(((...(((((((((.(.(((.(((.((((((((..(.(((((.(.(((..((((.((((.(((((((.((((((((.....((.(.(((((((.((.(.((((.((..(((.(..((..((((.((((..((..(.((.(((.(....((.(((((.((..(....((..(.((..(.(.(.(....(((.(((.(..(.(.((...((((..(((.(..(((((((().)).)).)).).)))))))))).))))).).))))).)))))))))))..)).)).)))))..).))).))))))))..)).)).)))))).).)......).)))))..))).)).....)))..).))).))).....))).)))..).).)).)))..)))))))))).).).))))....)).))))...))...))..).)..))))).)).)).))).))))).)).)))))))).......))...)).).))).).))).)))....))).)).)..)).)))).).).)))..).).)))).)))).))).))).)....).).))).)).).).))))..)))...)..)))..))..)).)..).).)))..))).)..).).)...)).)).))).,.((((.((......((((...(((((((....(((((....))))).....((((((((((........))))))).)))))))).)).)))).....))))))(((..(((((((((.((....)))))...))))))..)))..(((((((((.(.......(((((.....(((((((.((((((((((((..(((((((......(((((((.....)))))).)...)))))))...)))))))).(.((((((((..((((..(((...((((((((.(.(((........)))..).))))))))...))).(((.((....)).)))))))..))))).))).))))).)))))))...(((((((.......((((.........))))....)))))))((....))..(((((((.(((((((((((((....)))))))))))))...((....))....))))))))))))(((((((.(((((....)))))..))))....((.(((((((.((((.(((((.((......)).)))(((((..((((........)))))))))..((((...((((...(((((((...((((((....))))))..(((((....)))))))))).))))))))))))..)))).))))))).))(((((((....(((.(((......)))))))))).)))..)))...(((((((.((((..((......))))))..)))))))..((.(((((.....))))))).....).)))))))))...,0.0229007633587786,-265.1000061035156,1.0,
bpRNA_CRW_9736|Accession,CGAAUGGAUUAAGAGCUUGCUCUUAUGAAGUUAGCGGCGGACGGGUGAGUAACACGUGGGUAACCUGCCCAUAAGACUGGGAUAACUCCGGGAAACCGGGGCUAAUACCGGAUAACAUUUUGAACCGCAUGGUUCGAAAUUGAAAGGCGGCUUCGGCUGUCACUUAUGGAUGGACCCGCGUCGCAUUAGCUAGUUGGUGAGGUAACGGCUCACCAAGGCAACGAUGCGUAGCGACCUGAGAGGGUGAUCGGCCACACUGGGACUGAGACACGGCCCAGACUCCUACGGGAGGCAGCAGUAGGGAAUCUUCCGCAAUGGACGAAAGUCUGACGGAGCAACGCCGCGUGAGUGAUGAAGGCUUUCGGGUCGUAAAACUCUGUUGUUAGGGAAGAACAAGUGCUAGUUGAAUAAGCUGGCACCUUGACGGUACCUAACCAGAAAGCCACGGCUAACUACGUGCCAGCAGCCGCGGUAAUACGUAGGUGGCAAGCGUUAUCCGGAAUUAUUGGGCGUAAAGCGCGCGCAGGUGGUUUCUUAAGUCUGAUGUGAAAGCCCACGGCUCAACCGUGGAGGGUCAUUGGAAACUGGGAGACUUGAGUGCAGAAGAGGAAAGUGGAAUUCCAUGUGUAGCGGUGAAAUGCGUAGAGAUAUGGAGGAACACCAGUGGCGAAGGCGACUUUCUGGUCUGUAACUGACACUGAGGCGCGAAAGCGUGGGGAGCAAACAGGAUUAGAUACCCUGGUAGUCCACGCCGUAAACGAUGAGUGCUAAGUGUUAGAGGGUUUCCGCCCUUUAGUGCUGAAGUUAACGCAUUAAGCACUCCGCCUGGGGAGUACGGCCGCAAGGCUGAAACUCAAAGGAAUUGACGGGGGCCCGCACAAGCGGUGGAGCAUGUGGUUUAAUUCGAAGCAACGCGAAGAACCUUACCAGGUCUUGACAUCCUCUGAAAACCCUAGAGAUAGGGCUUCUCCUUCGGGAGCAGAGUGACAGGUGGUGCAUGGUUGA,(.(((.(...((((.(((((((....((((..(((..(...(...(.(.(..(.(.(((((....(...(...(((...((((...(.(...(((((..((.(.(.(..((......((((....(((..((((((.((((.(((.....(..(..(((((((((.(((..((.(((((.((.(.((((.(((((.(.(.(((.(...(((.((.(((...((((((.(((((...(.(.(...(..(....(((((((((.(.((.(.(....((...((.((((...(..(((((.(.....(((((.(((...((..(..(..((.(((((.(((...(.(.(..(((.(..(.((((((..(.((.....(((.(.((.((..((((.((.....(.(...(.(.(((.(..(.((((((((((.(((..((....(...(...((..((((..(.((.((.((((..(.(.((..(..(((.((.(.((.(((....((.((..((.(.((((.(.(.((....(((((...(.....(..((..(.(((((((.(.).)))))).)..)))))).)))))))).).))).))..)).)).))))))))....).)))))).))))))))...))))))))).).))))))).).)..))..).)))).))))))))))))).)..)).)))).))).))))))))).)....).))..)))).)).).).))..).)))))).))).).))..))).).))))..)))).)))))))))).))))...)))).)))).))).))).).).))).)).))))))).)))))..)).)))..)).)..)).)).)))...).))))..))).)).)))...)).).)).).))))))))))))).)..)))))).))))))))).))).)))).))))))))))..))).)).))))))))).))..).))..)))).)))..)...)..).)))..).).,.........((((((....))))))...(((((((((((..(((((..((.....(((((...)))))(((((((.((((..((.((((((....)))))).))...)))).....((((((((((....)))))))))).....((((((....)))))).)))))))))..)))))))))))..)))))..((((((((.......))))))))..((((.((((...((.(((((((((((((.((((((...(((((.(((.....)))))))).((((....))))......((((((..(((((.((...((((....))))......((..((((((.((.(((.....((((((((((((((.....((((..((((((......((((((((((((.....)))))))).))))......)))))))))).....)))))).....(((((.....(((.(((((((.((..((((((....))))))))..)))))))))).....)))))(.(((((((...(((((((((...((((....((((((.....))))))....))))...........)))))))))((((((..((((..(((...((((((((.(.(((........)))..).))))))))...))).(((.((....)).)))))))..)))))).((((((((..(((((....(((((((..((...((((.........))))))..)))))))((....))....))))).))))))))(((((....)))))..((((((...............))))))))))))).)((((.(((((....)))))..))))...........))))))))))).)).))))))..))..((.((((......)))).))))))))).))))))..))))..)))))))))).....(((((....)))))((.((((....)))).)).....))))).)))))).)))).,0.0246913580246913,-370.6000061035156,1.0,
bpRNA_CRW_48156|Accession,GCCGGAAUAGCUCAGUUGGUAGAGCAGAGGACUGAAAAUCCUCGUGUCACCAGU,........(...(...((((.((.(((((((.(.)...))))).)))))))))),...............(((((.((...(((((.......)))))...))))))).,0.6875,-12.600000381469728,1.0,
bpRNA_CRW_27788|Accession,GCGACCGGGGCUGGCUUGGUAAUGGUACUCCCCUGUCACGGGAGAGAAUGUGGGUUCAAAUCCCAUCGGUCGCGCCA,((((((((((.(...((.(.(((..(.((((((.((.))))).)))))).).....)))).)))..)))))))....,((((((((((...(((.......)))...))))......((((..((((....))))...))))...))))))....,0.2307692307692307,-27.700000762939453,1.0,
RF00057_CP000647.1_1404566-1404503,UUCAGUACGACAUUGCUCACAUUGCUUCCAGUAUUUUUGCCCGCACUUGUGCGGGCUUUUUUUA,.(.((..(((((.(((.((.(.(.(.(..)).)))...)...))).).)).))..))......),...(((((......((.......)).....)))))...(((((((....)))))))........,0.0,-17.100000381469727,1.0,
RF00005_X51398.1_2-75,GCUUGCUUAGCUCAAUUCGGUAGAGCUUUGGUUUUGUAAACCAAAGGUUAUCGGUUCAAGUCCGAUAGCAAGCU,((((((.((..((.(((.((((.(.((((((..((.())))))))).))).)....))).)..)))))))))).,(((((((..(((..(.(((((((..(((((((((...))))))))).))))))).)..))).....))))))).,0.5185185185185185,-26.200000762939453,1.0,
bpRNA_CRW_21347|Accession,GGGGCCAUAGCUCAGCUGGGAGAGCGCCUGCCUUGCACGCAGGAGGUCGGGAGUUCGAUCCUCCCUGGCUCCACCA,((((....(((.((...((((((.((.(((((.(.(.(().))))).)...))..)).)).))))))))))).)).,(((((((..((((........))))((.(((...))).)).(((((((((....)))).))))).)))))))....,0.0,-32.79999923706055,1.0,
RF01794_CU928162.2_1707615-1707441,GGGUGCUUGAGGCUAUCUGCCUCGGGCAUGAACACCAACGGCAGAUAGAGAAAAGCCCCAGUUAACAUUAUGCGUCUUGCAGGACGCUUAACAUUAAUCUGAGGCCAAUUUCAUGCUAGUCACAUGUAGGUUAGCCUCUUACACGCCGAAAGGCAAGGAGAAGCAGGCUAUGAAG,.....(((.(((((.((((((((.(((.((((((((.(...(((((((((.((((.(((((((.(.((((.(((((.(())).))))).))..)))).))).)))...)))).).))).))...))).)))..)..).)..)).)))))..)))).).).).))...)))..).),..(((((((((((.....)))))))))))....(((.(((...(((((.((((.(((.(((((((..(((.((((((....)))))).)))..)))).))).)))...))))...)).)))...))).)))(((((((((....(((....)))......))).)))))).....,0.35,-59.29999923706055,1.0,
RF00010_CP001098.1_1331603-1331257,UAAGUUGGCCGAAUGGUCGCGGCUAUAUAUAUAGCCGAGGAAAGUCCGAGCUUCACAGGGCAGGGUGCUGGGUAACACCCAGUGGAGGUGACUCCCAGGAAAGUGCCACAGAAACAAACCGCCUUACCUGUUUAAUGGUAAGGUAAGGGUGAAAAGGUGAGGUAAGAGCUCACCAGUGCCCAGGUGACUGGGUAGCUAGGUAAACCCCACCCGAAGCAAGUCCAUGUAGGGGGAGUUAAGGGUGGCCCGCCCGUUCCCCGGGUCUGGACGCUAAAGGUACCAGGCGACUGGUAUCUCAGAUAGAUGACCAUUCAAGACAGAACUCGGCUUACAGGUCAACUUAUACU,((((((.((((((..(.(.(.(....((.(.(.(.(((((..(.((((((..(.((....((..(((((.(((...(.((..(..((((((..(((.((.(((.(((((.....(.((((.((...((....((((((..(..(....(((....((((.(((.(.((((.((((((.(((.)).)))))).)))))...))..))).)))).)..))..))))).))))))).)))..)).)))))......))))..)))))...)).)))..)))))))).).))))))).))).)...)))..)).).)..).)).)).))))))).).)).)))))))....,((((((((((((((((((((((((((....))))))).(((...)))..(((((...(((..(((((((((((...)))))))((((....))))..((......))..........(((((((((((........))))))))...))).....((((((.......))))))(((((((((....))))))).))......))))..))))))))..(((((.....(((((.....(((((...)))))..))))).....))))).....(((((((((....)))))))))........)))))))))(((.(........))))...))))))))))....,0.0727272727272727,-142.5,1.0,
bpRNA_CRW_26861|Accession,UCCGUGAUAGUUUAAUGGUCAGAAUGGGCGCCUGUCACGUGCCAGAUCGGGGUUCAAUUCCCCGUCGCGGAGCCA,((((.((.(..(((((((.(((((..((()))).))...)))))..).....)..))))))..)..)...)....,((((((((.............((...(((((.......)))))...))((((.......))))))))))))....,0.0454545454545454,-24.399999618530273,1.0,
bpRNA_CRW_14378|Accession,GAUGAACGCUGGCGGCGUGCCUAAUACAUGCAAGUCGAGCGAACAGAUGAGAAGCUUGCUUCUCUGAUGUUAGCGGCGGACGGGUGAGUAACACGUGGGUAACCUACCUAUAAGACUGGGAUAACUCCGGGAAACCGGGGCUAAUACCGGAUAAUAUAUUGAACCGCAUGGUUCAAUGUUGAAAGACGGUUUCGGCUGUCACUUAUAGAUGGACCCGCGCCGUAUUAGCUAGUUGGUAAGGUAACGGCUUACCAAGGCAACGAUACGUAGCCGACCUGAGAGGGUGAUCGGCCACACUGGAACUGAGACACGGUCCAGACUCCUACGGGAGGCAGCAGUAGGGAAUCUUCCGCAAUGGGCGAAAGCCUGACGGAGCAACGCCGCGUGAGUGAUGAAGGUCUUAGGAUCGUAAAACUCUGUUGUUAGGGAAGAACAAAUUUGUUAGUAACUGAACAAGUCUUGACGGUACCUAACCAGAAAGCCACGGCUAACUACGUGCCAGCAGCCGCGGUAAUACGUAGGUGGCAAGCGUUAUCCGGAAUUAUUGGGCGUAAAGCGCGCGUAGGCGGUUUCUUAAGUCUGAUGUGAAAGCCCACGGCUCAACCGUGGAGGGUCAUUGGAAACUGGGGAACUUGAGUGCAGAAGAGGAGAGUGGAAUUCCAUGUGUAGCGGUGAAAUGCGCAGAGAUAUGGAGGAACACCAGUGGCGAAGGCGGCUCUCUGGUCUGUAACUGACGCUGAUGUGCGAAAGCGUGGGGAUCAAACAGGAUUAGAUACCCUGGUAGUCCACGCCGUAAACGAUGAGUGCUAAGUGUUAGGGGGUUUCCGCCCCUUAGUGCUGCAGCUAACGCAUUAAGCACUCCGCCUGGGGAGUACGACCGCAAGGUUGAAACUCAAAGGAAUUGACGGGGACCCGCACAAGCGGUGGAGCAUGUGGUUUAAUUCGAAGCAACGCGAAGAACCUUACCAAAUCUUGACAUCCUCUGACCGCUCUAGAGAUAGAGUUUUCCCCUUCGGGGGACAAAGUGACAGGUGGUGCAUGGUUGUCGUCAGCUCGUGUCGUGAGAUGUUGGGUUAAGUCCCGCAACGAGCGCAACCCUUAAGCUUAGUUGCCAUCAUUAAGUUGGGCACUCUAGGUUGACUGCCGGUGACAAACCGGAGGAAGGUGGGGAUGACGUCAAAUCAUCAUGCCCCUUAUGAUUUGGGCUACACACGUGCUACAAUGGAUAAUACAAAGGGCAGCGAACCCGCGAGGUCAAGCAAAUCCCAUAAAAUUAUUCUCAGUUCGGAUUGUAGUCUGCAACUCGACUACAUGAAGCUGGAAUCGCUAGUAAUCGUAGAUCAGCAUGCUACGGUGAAUACGUUCCCGGGUCUUGUACACACCGCCCGUCACACCACGAGAGUUUGUAACACCCGAAGCCGGUGGAGUAACCUUUUAUUAGGAGCUAGCCGUCGAAGGUGGGACAGAUGAUUGGGGUGAAGUCG,......((((..(..(...((.(((.(((.(..(((.(.(...(...((((..((.(((.((.((.((((((.((((...(((((..((.((((((.(((....(((((.(..(((....(.(((.(((((.((.(...(.(.(((((.(.((((.(((((((.(((((.((((.(((.(...((.(((.((.((((.(((((((((((((((((((((..(..((.(((.(((..(...((.(....(((((.((((.(((.(..((((((.(.((.(.((((.(((..(....(.(.(.(.((((.((...(((..((((((.((((((((((((.((..(.(...(((.(((....(..((...(((..(.((((.....(.(.(((..(.((((..((..(..((.....(((.((((...(((.(.((((((.....(..(.((.(.(((((.(.((((.(.(.(.((((((..(.((((.(.(..(.((.((((.(.((..(.((.(((((.((((.((((((.(..((.(..((.(.((..(.((.((..(.((.(...(((.(((.(...((.(((.(.(((..((((.((((.(((((((.((((((((.....((..((((((((.((.(.((((.((.((((.(..((..((((.((((..((..(.((.(((.(....((.(((((.((..(....((.....(.((.(.(.(....(((.(((.(..(.(.((...((((..(((.(..(((((((().)).)).)).).)))))))))).))))).).))))).))).)))))))..)).)).)))))..).))).))))))))..)).)).)))))).)))......).)))))..))).))....).))..).))).))).....))).)))..).).)).)))..)))))))))).))))).))).))).)..))))))))))).).))..)))).)).)).).))))...))...))..))))).)))....))..))))).).)))).).)))))))))))))))..)))))).).)).)))..))...)))).)))))))))))))).)))).)).))))))).)))))..)))))).).))))..).).)))))..)..)...))).)))).).)))..))).).)))..))))))).))))))).).)..)).))))))..))))..)..))).)))))))))...)))).)))).))).))))...))..))...))...).).....)))..).)....)).)..)))).)).))))))))).)...).).))..))..))..).)).)..))..)))))).).))))))))))))).)))).)).)..)...)).).))))))....)..))).))))))..)))).)..)..).).....)).)))))).)))).)).).))))..)).)))))))))))..).).)),......(((((((.(((((.......)))))..))).))))((((...((((((....))))))...))))..((((.((((((((.((.....(((((...))))).(((((((((.((....((((((....)))))).((((.(((((((((((((((((((....))))))))))......(((((((.(((((((((((((((((...(((((((((((((.(((..((((((((.......)))))))))))...))))))..((((((((....)))...)))))....(((((.(((.....)))))))).((((....))))...)).)).))).))))((((...(((((....))))).))))((......)))))))))))...))))...))))))).....((((..((((((......((((((((((........))))))).)))......))))))))))..(((((......(((((((((.((....)))))...)))))))))))....))))))))).))))..(((((((...(((.(((((..(((((((((..(((((((......(((((((.....)))))).)...)))))))...)))))))))(.((((((((...((((((((...((((((((.(.(((........)))..).))))))))...)))..((.((....)).)))))))..))))).))).).((((((.(((((..(((((((.......((((.........))))....))))))).((.(((...(((((((.(((((((((((((....)))))))))))))((((((((.((.(((((.(((((......))))).(((((....)))))..........((.(((((((.((((.((((..(((((((((.(((((((((..((((........))))))))).............)))).)))).)))))((((....))))....(((((....)))))..............))))..)))).))))))).))(((((((....(((.(((......)))))))))).)))....)))))))))))))))...((......)))))))))...))).))..(((((.....)))))....(((.(((.((((.(......).)))).))))))..(((((.((((.((..((.(((.....(((((((.....(((..((....((....))....))....))).....)))))))..))).))...(((((((........))))))))).)))).)))))........))))).))))))...))))))))..))))))))).)))))))))...)))))))))).((((.(((..((((((..(((((((...((((..(((..(((......))).))).)))))))..))))..))))))..))).))))..)))),0.0123711340206185,-514.7000122070312,1.0,
RF00001_U18089.1_3485-3600,UCUGGCGGCCAUAGCGCAGUGGAACCACCCCUUCCCAUCUCGAACAGGACCGUGAAACGCUGCAGCGCCUAUGAUAGUUGAGGGUCUCCCUCCGCGAAAGUCGGUCACCGCCAGAC,((((((((((((..(((((.((.(..(.(((.(..((.(((..(.(((..((((...(().))).))))).)))..)).)))))).)))))..))))...).)).).).)))))).,((((((((.....((((((((....(((.(((((.......))..)))...)))...)))))).))(((.((....((.(((((...))))).))....)).)))..)))))))).,0.15,-39.900001525878906,1.0,
RF01074_AF473561.1_1475-1514,GGGAAACGGGAGAGCGGCAGCGCCCGCCGAAACAACCGCA,..(...((((.(.(((((.()))).)))....)..)))).,((....(((..(.(((....))))..)))......))...,0.0,-10.300000190734863,1.0,
bpRNA_CRW_49053|Accession,GUUGGGAUACCUCAG,..((((.())).)).,..((((....)))).,0.4,-2.0999999046325684,1.0,
bpRNA_CRW_32013|Accession,GCGGGCGUAGCUCAAUGGUAGAGCUGUAGCUUCCCAAGCUACUGACGUGGGUUCGAUUCCCAUCGCCCGCUCCA,(((((((.(..(.(((.(.(.(.(((((((((...)))))))..).))...).).)))...)))))))))....,(((((((.(((((.......)))))(((((((...)))))))....(((((.......))))))))))))....,0.5833333333333334,-33.29999923706055,1.0,
bpRNA_CRW_41883|Accession,GACUCGUUAGCUCAGCCGGUAGAGCAACUGGCUUUUAACCAGUGGGUCCGGGGUUCGAAUCCCCGACGAGUCACCA,((((((((.((.(..((.(..((.(.(((((...(())))))))..)))))))..).)).)...)).)..))....,(((((((......(((((((......)))))))....(((....))).(((((.......))))))))))))....,0.0833333333333333,-30.5,1.0,
bpRNA_CRW_16392|Accession,CACCUCUUCCCAUUUCGAACAGAGAAGUUAAGCCCAA,....(((((((.(((())).)).)..)..)))...).,...((((((.......))..)))).............,0.0,-1.7999999523162842,1.0,
RF01689_AACY023022368.1_358-488,AUACUGAAAUGCAUGGUGGGAAAUCAGUGUGAAAUUCAUUGGCUGUACCUGCAACCGUAAAGUCGGAGCGCCACCCAGUAAAGUCCGCUGUUGAAUGAGGGCCAGGGAGAGUCUAGUUCUACUAAUAUCUA,.((..(..((..((.((...(((.(....(..((.((.(((((....(((.(.(...(((((.((((....((..(.))...))))))).)).).)))))))))...))).).))))).))).).)))))),.(((((...((((.((((.(...((((((.......)))))).).)))))))).(((......))).........)))))..((((.(........).)))).....(((...((((...))))...))).,0.0,-26.299999237060547,1.0,
bpRNA_CRW_30182|Accession,GGCCCGUUGGUCAAGUGGUUAAGACACCGCCCUUUCACGGCGGUAACACGGGUUCGAAUCCCGUACGGGUCAUCU,(((((....((..((.((((..(((.(((...(((.((.()).))).)))))).).)).))).)))))).)..).,(((((((..(((..........)))((((((.......))))))...(((((.......))))))))))))....,0.12,-29.299999237060547,1.0,
