id,sequence,nussinov_structure,zuker_structure,overlap_score,zuker_mfe
bpRNA_CRW_34879|Accession,GGCGGAUGUAGCCAAGUGGAUCAAGGCAG,..(.....(.(((...(.(())).))))),(((.......)))................,0.0,-4.699999809265137
bpRNA_CRW_47678|Accession,GUCAGGAUAGCUCAGUUG,..((..(((()).).))),..................,0.0,0.0
bpRNA_CRW_43733|Accession,CGCGGGGUAGAGCAGUUGGUAGCUCGCCGGGCUCAUAACCCGGAGGUCGCAGGUUCGAGUCCUGCCCCCGCAACCA,.((.(((..(.(((...((.(.((((((.(((.(.(...(())))).).).))..)))))))))))))))).....,.((((((..((((........)))).(((((.......))))).....(((((.......))))))))))).....,0.08,-34.099998474121094
bpRNA_CRW_41054|Accession,GCGUCAUUAGCUCAGUUGGUAGAGCACACGACUUUUAAUCGUGUUGUCACAAGUUCAAAUCUUGUAUGACGCACCA,((((((.((...((((((((.((.(((((((...(()))))))).))))).....)))..)).)))))))))....,(((((((..((((........))))((((((.......))))))....(((((.......))))))))))))....,0.4444444444444444,-23.700000762939453
bpRNA_CRW_18252|Accession,GGGAAGUCCUCGAUGUUGCACC,(((((...((()).))).).)),(((.....)))...........,0.0,-1.100000023841858
bpRNA_CRW_43613|Accession,GGCUACGUAGCUCAGUUGGUUAGAGCACAUCACUCAUAAUGAUGGGGUCACAGGUUCGAAUCCCGUCGUAGCCACCA,(((((((.(...(.(((.(((.((.(.(((((.(.()).))))))..))).)....).)).)..)))))))))....,((((((((.((((.........))))))............(((((((((........).))))))))))))))....,0.24,-24.700000762939453
RF00001_X59479.1_518-634,UUCGGUGGUCAUAGCGUUAGGGAAACGCCCGGUUACAUUUCGAACCCGGAAGCUAAGCCUUUCAGCGCCGAUGGUACUGCAGGGGGGACCCUGUGGGAGAGUAGGACGCCGCCGAAC,(((((.((((.((.(.((((((...(.(((((.((((..(((....(((((((().)).)).)..))).)))).)))..).))))...)))).....).))))).)).)).).))).,((((((((((((.(((((((((....((((((((........)).))))..))....))))..)))))..)))...((((((((....))))))))...........))))))))).,0.07692307692307693,-42.099998474121094
RF01725_AACY023311957.1_783-659,CCCUCACAUCACGAGUGGCUCGGUUUUCCGGGCUCGGCAACCUGGGGCGAACACCCAAGGUGCCAACCCACCUUUGGUGGGGAUGCGGCUUCCACCUUCCGGUGUCGGCAACAACCAGUUCGAGG,....(.(.(..(((....((.((((((....((.(.(.((((.((((.(.(.((((.(..(..(..((((((...)))))))))).)).)))).))..).))).))))))).))))))).))))),.((((...........(((((((....))))))).((((.((((((.......))).)))))))..((((((...))))))..((..(((..((((....))))..)))..))........)))),0.14634146341463414,-51.599998474121094
bpRNA_CRW_16383|Accession,CCUGGUGACCAUAGCAAGUUGGAACCACUCCUUCCCAUCCCGAACAGGACCGUGAAACGACUUCGCGCCGAUGAUAGUGCGGACUACCCGUGUGAAAGUAGGUCAUCGCCAGGC,(((.(.(..(...(..(..(.(.((((((..(((((((.(((((((((..((.(.((.(.)))).))))..)).)..).)))).)....).).)))))).))))))))))))).,((((((((.....((((((((....(((((((((.......))..))))..)))...)))))).))(((.........((((.....)))).........)))..)))))))).,0.07894736842105263,-29.899999618530273
bpRNA_CRW_45098|Accession,GCCCAGAUAGCUCAGUCGGUAGAGCAGGGGACUGAAAAUCCCCGUGUCGGUGGUUCGAUUCCGCCUCUGGGCACCA,((((((..((..(.(((.(.(((.(((((((.(.)...))))).))))..)....)))..).)).)))))))....,(((((((..((((........)))).(((((.......))))).....(((((.......))))))))))))....,0.4583333333333333,-33.599998474121094
bpRNA_CRW_16106|Accession,UGCUUGGCGACCAUAGCGUUUUGGACCCACCUGACUCCAUUCCGAACUCAGAAGUGAAACGAAAUAGCGUCGAUGGUAGUGUGGGGUUUCCCCAUGUGAGAGUAGAACAUCGCCAGGC,.((.(((((...((.((.((((((((((((((.((((((((.((.((((.)).))....)))).).).)...).).))).))))).)..))..)....).)..))..))))))))).),.(((((((((((((.((((((((....(((((((.((......))..))))..)))...))))...))))..)))))...((((((...))))))...............)))))))),0.15384615384615385,-34.79999923706055
bpRNA_CRW_9131|Accession,AAGAGAGUUUGAUCCUGGCUCAGGACGAACGCUGGCGGCGUGCCUAAUACAUGCAAGUCGAACGAACGGAGGAAGAGCUUGCUCUUCCAAAGUUAGUGGCGGACGGGUGAGUAACACGUGGGCAACCUGCCUGUAAGUUGGGGAUAACUCCGGGAAACCGGGGCUAAUACCGAAUGAUAAAGUGUGGCGCAUGCCAUGCUUUUGAAAGAUGGUUUCGGCUAUCGCUUACAGAUGGGCCCGCGGUGCAUUAGCUAGUUGGUAGGGUAAUGGCCUACCAAGGCAACGAUGCAUAGCCGACCUGAGAGGGUGAUCGGCCACACUGGGACUGAGACACGGCCCAGACUCCUACGGGAGGCAGCAGUAGGGAAUCUUCCGCAAUGGACGAAAGUCUGACGGAGCAACGCCGCGUGUAUGAAGAAGGUUUUCGGAUCGUAAAGUACUGUUGUUAGAGAAGAACAAGGAUAAGAGUAACUGCUUGUCCCUUGACGGUAUCUAACCAGAAAGCCACGGCUAACUACGUGCCAGCAGCCGCGGUAAUACGUAGGUGGCAAGCGUUGUCCGGAUUUAUUGGGCGUAAAGCGCGCGCAGGCGGUCUUUUAAGUCUGAUGUGAAAGCCCCCGGCUUAACCGGGGAGGGUCAUUGGAAACUGGAAGACUGGAGUGCAGAAGAGGAGAGUGGAAUUCCACGUGUAGCGGUGAAAUGCGUAGAUAUGUGGAGGAACACCAGUGGCGAAGGCGACUCUCUGGUCUGUAACUGACGCUGAGGCGCGAAAGCGUGGGGAGCAAACAGGAUUAGAUACCCUGGUAGUCCACGCCGUAAACGAUGAGUGCUAAGUGUUAGGGGGUUUCCGCCCCUUAGUGCUGCAGCUAACGCAUUAAGCACUCCGCCUGGGGAGUACGACCGCAAGGUUGAAACUCAAAGGAAUUGACGGGGGCCCGCACAAGCGGUGGAGCAUGUGGUUUAAUUCGAAGCAACGCGAAGAACCUUACCAGGUCUUGACAUCCUUUGACCACUCUGGAGACAGAGCUUUCCCUUCGGGGACAAAGUGACAGGUGGUGCAUGGUUGUCGUCAGCUCGUGUCGUGAGAUGUUGGGUUAAGUCCCGCAACGAGCGCAACCCUUGAUUUUAGUUGCCAGCAUUUAGUUGGGCACUCUAAAGUGACUGCCGGUGCAAGCCGGAGGAAGGUGGGGAUGACGUCAAAUCAUCAUGCCCCUUAUGACCUGGGCUACACACGUGCUACAAUGGAUAGUACAAAGGGUCGCGAAGCCGCGAGGUGGAGCUAAUCCCAUAAAACUAUUCUCAGUUCGGAUUGUAGGCUGCAACUCGCCUACAUGAAGCCGGAAUCGCUAGUAAUCGUGGAUCAGCAUGCCACGGUGAAUACGUUCCCGGGCCUUGUACACACCGCCCGUCACACCACGAGAGUUUGUAACACCCGAAGUCGGUAGGGUAACCUUUAUGGAGCCAGCCGCCGAAGGUGGGACAGAUAAUUGGGGUGAAGUCGUAACAAGGUA,.(((((..((.(.((...(.((..(((.((.((((((((.((.(...(.(((..((((..((((.((((.((((.(.(.(.(((.(.....(((((.((((((((((.((((.((((((.(((.(..((.(((.(((((..((((...(((.((.((.((((((((((.((((((((.(((((.(((.(.(((((((((..(((...((...(((..((((((.(((((((.((((.((.((((.((.(((((((((.(.(..((.((..((..((.(..(..(..(.(.(..(((..((.......(((.(((.((((((((((((.(.(.((((..((.(...((((.((.(((.((.((.(((.(.(((((.((((..(((((((.(((((.((.(((((((.(.(((((((((((.((((((.(((.((((((.(....((.(....(((.((..((.((((.((..(((((((...(((..(.(.((.(((((...(((((((.(((...(..(((.(.((..((.(.((.(.(..(...(..(...(.((.(...((((((((((((((..(.(.(.(.(((((((((..((((.((.(.((((..((....(..(.(((.....(.(((.(...(((((((..((.(((..(..((..((((.(.(.((((.(.((((.(.(((.(..(..(((.(.(.(.(.(((.......(.(((((..(....(((.(.(((.((((.(().).))).).)))))))))...).)))).).))).))).))))).)))).))).).))))).)).)...)..)...))))).)).))))....)))))))))))))).))).)).).).)).)))))).)).).))))))))..)))).)).)))..)..))).))))))))))).)))))).)..))))))))).)))..).).))))).))).)))))))).)).).)).))))))).).)))).))))).))).)).).)).).).).).).))).)..)))....).....).))))).)...)..).))))))))))))..).)))).)..).).)))..)))))))..).))..)))..)))..).)...))))))).)..))))))....).).).)..)))..))))).).))))).)))).).))))))))).)).))))..).).).))...).)))))).))))..).))).)).)).)..))))))..))))...)).).))))....)..)))..).).))))).)...)).)).))).))))))))..)).)..)..).))..)...)....)))))))).).)..)..).)...))))))))))))).))..))).).)))...)...)).).)...)))).).).)).).))))))))....).))))...))).)....)).).)).))).))).))))))).).)))....).).)..).))))).)).)).)..)....).,...((.(((((.(((((...)))))))))).))(((.(((((.......)))))..)))...........(((((((....)))))))...((((.((((.((((((((.((....(((((((..((...(((((((((((...((.((((((....)))))).))...)))......((((((((((....)))))))))).....((((((....))))))))))))))..)))))))))(((((((.(((..((((((((.......)))))))))))...))))))).((((((((....)))...)))))....(((((.(((.....)))))))).((((....))))......((.((.....(((((...(((((....))))).))))).....))))((((((....(((((((..(((.((((.....(((..((((((......((((((((((........))))).)))))......)))))))))..(((....)))..(((((((((.((....)))))...))))))((((((.((...(((((...(((((((((((...))))((((...((((((((((..(((((((......(((((((.....)))))).)...)))))))...))))))))))..)))).......((((((((..((((((((((.(((........)))..))))))))))...((((.(((((....((((((((.((..((((..((((((((..(((((....(((((((..((...((((.........))))))..)))))))((....))....))))).))))))))(((((....)))))(((((((..........)))))))((.((((((((...((((.(((((....)))))..))))..)))......)))))))((((....))))((.((((((((((((......))))......((((.(((....)))))))((((.((....(((((.(((........((((((((....))))..))))..))))))))....)).))))((.((((((.((((((((.....(((((..((.(......).))..))))).(.(((((((.(((((((.....))).))))..))))))).)((.(((((....)))))))......(((.((((.(......).)))).))))))))))).)))))))).)))))))).))....))))..)).))))))))...)))))..)))).................))))))))..(((((..(((((((........))))))).....)))))....)))))))...)))))..)).))))))......)))).))).))))))))))))))))))))))).((((.(((..((((((..((((....(.((((..(((..((.....)).))).)))).)...))))..))))))..))).))))..))))))))......,0.0,-559.5
RF00243_AE006471.1_61487-61592,UUGUAGUUAACGCUACGUUAAAAAAACAAGUUAAAUCGCCGAUACAGGGAGCUGUCACUCCCUGCAUCGACUGUCCAUAGAAUCCUUUGAGGAGGUUCCUAUGUGU,...(((..(((.((.(..(.......((((((..((.((((((.(((((((.((.))))))))).))))...).).))).)..).)).))).)))))).)).....,..(((((....))))).......................((((.(((((((......))))))).))))......(((((...((((....))))...)))))...,0.3333333333333333,-28.799999237060547
RF00005_J01395.1_2878-2951,GGGCUAUUAGCUCAGUUGGUUAGAGCGUUGCUUUGAUAAGGCAAAAGUCGAAAGUUCAAAUCUUUCAUAGCCCA,((((((.(.(...((.(..((.((.(.((((((((.()...)))).).).)).)).)))).))..)))))))).,(((((((..((((.........)))).(((((((...))))))).....(((((.......)))))))))))).,0.24,-22.799999237060547
RF01942_AC158594.12_70552-70428,GUCUAGGACCUCUGGGUGGUCGCGCUGAUCCCGGACGAGCCCCCAAAUGAAAGACCCCCCCCCCCGAAGGGAGACCCUCACUCAAGCCUCGGGACAGCCGCGGACCCAAGAAGACACUGAGACCA,(((((((..((((..(.((((((((((.((((.((.(.(....(...((..(((......((((()..))).)....))..))).))))))))))))).))).))))).)).).).)).))))..,(((((((.(.(((((((..((((((((.((((((..(.((.......(((..(.(.(((.........))).).)..))).....)))))))))))).))))))))).))).).).)).))))..,0.5121951219512195,-35.0
RF01999_AAGA01019987.1_408-289,GGUGGAACCGACCCACCAAUGUCGUUUUAUAGGAGAAGGCGUUAAACCACCUAAAGGUGCUGUUGUAAAGAGCGAUGGUACUGAGCGUUUAGGAAACGGCUAGUCAAGAACUGGUCAGGU,......(((((.(((.(..((((((((((.(.(((((..((((((((((((()..))))..))).)))....)).)..).))...).)).)..)))))...)..)).)...))))).))),(((((.......)))))((((((.((((....)))).))))))..(((.(((((((((((((((((.....))))))))))).....))))))....(((((((.....))))))).))),0.0,-36.29999923706055
RF01895_AAEX03004507.1_73030-72929,UUUGGAGGCUGUGGUCCCAGAAUCGGGGUUUUGAGGGCGAGAUGAGUUUAUGUUUGAUCCAACUGGCCCACAAAGUCCCGCUUUUGGGGUCAUUCUAAACAU,(((..(....((.(.((((.((..((((.((((.((((......((..(.((...(()))))))).))).))))..))).)))).)))..))..)))))...,((((((....((((((((((((.((((((((((.((((.((.((.(.(((....))).))).)).)))).)))))))))).))))))))))))))))))...,0.4,-42.0
RF00185_AF306516.1_477-576,CUGGGAAUAGACUGGGAGAUCUUCUGCUCUAUCUCAACAUCAGCUAAUAGGCACAGAGCGCCGAAGUAUGUAGCUGGUGGUGAGGAAGAACACAGGAUCU,........(((((..(.(.(((((..(((.(.(.(.((..(((((((((..(.(.(.(())))..)))).))))))))))))))))))).).)))..))),((((.......)))).(((((((.((.(((.(((((.(((((((((...(((.......)))........))))))))).))))).))).)).))))))),0.17647058823529413,-34.5
RF01743_CP000425.1_808768-808614,AAUAAGAAAACGAGGUCCAAAAAUGACUAAUACACAAGCUUCUCUUAACUUGUUGUUGAAGGAGGGCUCACACUAGCUAAUUUAGCUAAAUGUGUGAGUCCUCUUUGGCGUUAGUCAUUGACGAGGAUGAAGAGACGUCCUCAGGACGUCUUUUU,....(.((((.((.((((.....((......(.((..(..((((((..(((((((.(.((.((((((((((((((((((()).)))))...))))))).)).))....).)))..))...)).)..).))))))))))..))))))).))))))),..............((((...((((((((((..(((((..........))))).(((.(((((((((((((((((((((...))))))...)))))))))))))))))))))))))))).....))))((((((((((((...)))))))))))),0.21818181818181817,-60.5
bpRNA_CRW_6939|Accession,AAUCCCAGGGCUCAACCCUGGAACUGCCUUUGAUACUGUCGAUCUGGAGUAUGGAAGAGGUGAGUGGAAUUCCGAGUGUAGAGGUGAAAUUCGUAGAUAUUCGGAGGAACACCAGUGGCGAAGGCGGCUCACUGGUCCAUAAAACGCUGAGGUGCGAAAGCGUGGGGAGCAAACAGGAUUAGAUACCCUGGUAGUCCACGCCGUAAACGAUGAAUGUUAGCCGUCGGGCAGUAUACUGUUCGGUGGCGCAGCUAACGCAUUAAACAUUCCGCCUGGGGAGUACGGUCGCAAGAUUAAAACUCAAAGGAAUUGACGGGGGCCCGCACAAGCGGUGGAGCAUGUGGUUUAAUUCGAAGCAACGCGCAGAACUU,(((.((.((((((((((((.(..((.((......((.(.(..(.(...(..(....(.((.(.((..((((((...(.(.((.((....((..((.((.((.(((.(.((.(((..(((((((((.(.(.(((((.(((.(((((((.((.(.((.(((.((((((((.(..(((((((().)).)).)).).)))).).)...)..)).)...).)..))).)))..).)).)..).)).))...).))).)).)))......).))).)))))))...).)..)).))).)))))))))))).)))))).)).....))).)))))))).))))))).).))))......)).))..).))..))..)),....((((((.....))))))..((((((((.(((((.(......).))))).))))...((.(((...((((((((((..(.(.......).)..))))))))))...)))))((..((((...(((.(((((.(((((....((((...(((((...(((((((..((...((((.........))))))..)))))))((....))..(((((((.((((((((((((....))))))))))))...((....))....)))))))(.((((..((((..((((....))))...))))...........)))).)..))))).))))))))).)).))))))...))))..)).....)))).....,0.017241379310344827,-120.5
RF01227_AARH01010454.1_31951-31833,AUCCCAGUUAAUGUUGUUAUCAAUGAUUAUCUGAUUCAUGGGAGGCAAAUAACAAAUUGGGAGUUCGCUGAUAGCACCUUUUUUAAAAAGGUGUUUUACUAGUACCUCACCAUACAUGU,(...((.((.(((.((((((.((..(..(.((..((..(.........(.((.(((....(.(.(.(((.())))))))))))))))).).).))).).))..))...)).))).)))),.((((((((....(((((.((.((((.........)))).)).)))))......))))))))....((((..((((((((((...))))))))))....))))................,0.0,-26.299999237060547
RF00106_S42973.1_3-107,AGUAUUUGGUAUCUGCGCUCUGCUGAAGCCAGUUACCUUCGGAAAAAGAGUUGGUAGCUCUUGAUCCGGCAAACAAACCACCGCUGGUAGCGGUGGUUUUUUUGU,(..(......(.(..(.(.(.(((..(.((((.......(((.....(.(((..(.(.(.(((..(()))))))))))).))))))))))))).)))))......,.......((((.(((.((((....).)))))).))))..((((..(((((((...)))))))..))))(((((.(((((((((((...))))))))))).))))),0.0,-45.400001525878906
bpRNA_CRW_52823|Accession,CGGGGCGUGGCGCAGCCUGGUAGCGCGCUUGUUUUGGGUACAAGAGGCCCCCGGUUCGAGUCCGGGCGCCCCGACCA,(((((((.((((.(.((.((..(.((.(....(((..(()))).))))))).))).))...))...)))))))....,(((((((((((((.((......)))))))......((((.......))))((((.......))))))))))))....,0.28,-35.79999923706055
C.pneumoniae-AR39,AUCGGAAGAGAAAGGCAACCGCUGUUUAUAUUUCUCAAAAAAUAUAAAGAGAGGAAAGUCUGGACUUCAUAAGAGAAGAUACUGGAGAAAUUCCAGGGGCCGUAAGGCUACGGAAAGUGCAACAGAAAACACUCCGCUAUAAAAUUUAUUUUAUAGACAGGCUGAAAAUUCCUACUUUAGGAGUAGGAGCCAUUAAGGUGACUUAAUAGGCAUGCAAACCCUAUCUGAAGCAAGAGAAAAAAGCUUUUUGUGUCUGCAAAUGUGAGAGGAAUUCCUCCCAUAGGCUUUUUCGAAAUCGCUUGAGGGAUCUAGUAAUAGCUCCCCUAGAUGAAUGGUUGCCCUUAGGAUAGUUCGCAAGAGCUAUCUUAUAGACAGAAUCCAGCUUACCCUCUCUUCCGAUAUUUUU,((((((((((..(((.((..((((.....(.(((((......(((....(.(.(.(((((((((((((.((((.(..(...(.....((((((((((((.(.(((..(((..(..(.(.((((((((((.(....(((((.(((.((.((((.((((((..(..((((((.((.(((((.((.(((((((((((((.((.))))))).))).).)...)..))))).))..).)))))......)))).))))))..)))....).)..))))..)...)))).)))))))....).).))))....))))))..)))).))).).)..))))..)))))))))).).))).).)).)).)).)))))))))..))))).))))).)).)))))))))))......,(((((((((((.((((..((.((.(((((((((......))))))))).)).))...))))...((((......))))...(((((.....))))).((((....)))).((((..(((..........)))))))((((((((....))))))))..((((((.....((((((((...))))))))(((((((((....)))))).)))..((((.((.((((((...((((.((((((((((.(((((....)))))((((.((((....)))).)))))))))))).....)).)))).((((.(((....))).)))).))))))...)))))).(((((((((((((....))))))))))).))........))))))....)))))))))))......,0.13043478260869565,-131.3000030517578
RF00613_AAFC03072237.1_82864-82999,CAGGCUGUGAUGAUUGGCGCAGGGGUACGGACCUCAGCUGAUGAUGGGAGCUGAGUGUAUGUGCUUCUCCUUCGUCCUGCAUGUGGCAGGAUGCUGGUGAGCACUUACAUGAGACUUGUGCCUUAAUCUGAGCCUG,(((((..(.(.((((((((((.((((((.(((((((.(..((((..(((.(.(((.(.(.(.()..))))).)))))).))))))..))).).).).).).).)...).))...)..)..))..))))).)))))),((((((..(((....(((((((((((....)))((((((.........))))))(((((.((((((..((..((((((((.....))))))))..)).)))))).)))))....))))))))...)))..)))))),0.14893617021276595,-64.0999984741211
bpRNA_CRW_53842|Accession,GGAUCCGUGGCGCAAUGGUAGCGCGUCUGACUCCAGAUCAGAAGGUUGCGUGUUCGAUUCACGUCGGGUUCA,.((.((((...(.(((.(.(.(((.(((((.(.(.))))))).)....)))...).)))))))..)..).).,(((((((..((((.......))))(((((....))))).........(((((.......)))))))))))).,0.045454545454545456,-23.200000762939453
bpRNA_CRW_32432|Accession,GCGGAUGUAGCGCAGUUGGUAGCGCAUCACCUUGCCAAGGUGAGGGUCGCGGGUUCGAAUCCCGUCAUCCGCUCGA,(((((((.(.((.(.((.(.(.(((((((((((().)))))))...).)))..).).))))..)))))))))....,(((((((..((((........)))).(((((((...))))))).....(((((.......))))))))))))....,0.5185185185185185,-32.20000076293945
bpRNA_CRW_37499|Accession,GCUCUUGUAGCUCAGUGGCAGAGCACGGGUCUUAUGAGCCCGUGGUCAUGGGUUCGAAUCCCAUCAGGAGCA,((((.((.(..(..((.(((((.((((((.(.(().)))))))).)).))....).)..)..))))).))).,(((((((..(((....))).((.((((((((....)).)))))).))(((((.......)))))))))))).,0.52,-32.20000076293945
RF00007_AAGW02065961.1_10800-10651,AUGCCUUAAACUUAUGAGUAAGGAAAAUAACGAUUCGGGGUGACGCCCGAAUCCUCACUGCUAAUGUGAGACGAAUUUUUGAGCGGGUAAAGGUCGCCCCUAAGGUGACCCGCCUACUUUGCGGGAUGCCUGGGUGCCGCGAUCUGCCCG,...((....(...(((.(.(((((((((.((((((.((((.(((.((((((((((((((().)..)))))..)).))......))))....).)).)))).))..)..)..)..)).)))......).)))...).))...)).))...),...(((((..(....)..)))))........((((((((......))))))))(((((.......))))).............(((((..((((((((((..((((..(((((.......)))))..)))))))....)))))))))))),0.11363636363636363,-57.70000076293945
RF00618_AANI01017162.1_86143-85990,ACUUUUCUUUUCUUGGGAAGCGGAAAUGUUCAAUUAACGUCGAGGCAGGAGUGUGUUGCUGACGAAAACGUUGAAACAUUAAUACACGUUUAAAAAUCUUAGGAUUAGCUUUCUAAAUUUCUGGAAAUUAACUCCCAUACUUUAAGGUGGUCGU,((....(..((.(((((((.(.(((((.((.((.(((..((.(...(.((.(.(.((..(.....(((((.((....((())).)))))))))))))))).).))))..))...))))))).)....))..).)).).)....)))))......,...(((((....(((((((((...((((((...(((((((((.(((((.......)))))..)))...))))))))))))..............((((....)))).)))))))))......))))).......((((........))))....,0.0,-28.899999618530273
RF00013_BA000034.2_1725130-1725326,ACAUUGCUGUGGCAUACGAAUCCACAUCUAAGUGUUGACCGACUAUUUCUUUGUAUUUUCGGGAAACAAAGACUCUUUCUAGUCUGCAAGCCGUUUCACGCGGACGCAACUUCCAAGAAAGAGCGCGUUACCCACCUGCUUAUACUGCGCGGGCUCAAUACAAAAACGUGGAUCACCGGUGCCAAUACAGCAUUCUU,(.(.((((((...((..(....(((..(...(.(.(((((.((...((.((((((..((((((((((((((.(((((((...(.((.((...(((((.(())))...)))))).))))))))))...)).......)).)).).)..).)).....)))))))))).)))).)))))))))).).)))))))))...,....(((((((((((.((.((((((......(((((((((.......(((((((.(((...))).)))))))(((((((((((.(((...((((.....))))..))))))....))))))))(((((..................))))))).)))))))......))))))...)))))))...)))))).....,0.2,-58.79999923706055
bpRNA_CRW_13924|Accession,GCGUGAGUGAUGAAGGUCUUCGGAUCGUAAAACUCUGUUAUCAGGGAAGAACAAAUGUGUAAGUAACUGUGCACAUCUUGACGGUACCUGAUCAGAAAGCCACGGCUAACUACGUGCCAGCAGCCGCGGUAAUACGUAGGUGGCAAGCGUUAUCCGGAAUUAUUGGGCGUAAAGCGCGCGUAGGCGGUUUUUUAAGUCUGAUGUGAAAGCCCACGGCUCAACCGUGGAGGGUCAUUGGAAACUGGAAAACUUGAGUGCAGAAGAGGAAAGUGGAAUUCCAUGUGUAGCGGUGAAAUGCGCAGAGAUAUGGAGGAACACCAGUGGCGAAGGCGACUUUCUGGUCUGUAACUGACGCUGAUGUGCGAAAGCGUGGGGAUCAAACAGGAUUAGAUACCCUGGUAGUCCACGCCGUAAACGAUGAGUGCUAAGUGUUAGGGGGUUUCCGCCCCUUAGUGCUGCAGCUAACGCAUUAAGCACUCCGCCUGGGGAGUACGACCGCAAGGUUGAAACUCAAAGGAAUUGACGGGGACCCGCACAAGCGGUGGAGCAUGUGGUUUAAUUCGAAGCAACGCGAAGAACCUUACCAAAUCUUGACAUCCUUUGACCGCUCUAGAGAUAGAGUCUUCCCCUUCGGGGGACAAAGUGACAGGUGGUGCAUGGUUGUCGUCAGCUCGUGUCGUGAGAUGUUGGGUUAAGUCCCGCAACGAGCGCAACCCUUAAGCUUAGUUGCCAUCAUUAAGUUGGGCACUCUAAGUUGACUGCCGGUGACAAACCGGAGGAAGGUGGGAUGACGUCAA,...(((((.((..(...((((((.(.((...((.(.(.((.((..(.(((((.((((((.((.(((((((((.(.(((((.(((.(.((.(.(..(((.((((.((.((((((..(((((((.((.(..(..((((((((.((.((((.((((.(....(((...(((((((((.(.(((.(((.((((((((..(.(((((.(.(((..((((.((((.(((((((.((((((((.....((.(.(((((((.((.(.((((.((..(((.(..((..((((.((((..((..(.((.(((.(....((.(((((.((..(....((..(.((..(.(.(.(....(((.(((.(..(.(.((...((((..(((.(..(((((((().)).)).)).).)))))))))).))))).).))))).)))))))))))..)).)).)))))..).))).))))))))..)).)).)))))).).)......).)))))..))).)).....)))..).))).))).....))).)))..).).)).)))..)))))))))).).).))))....)).))))...))...))..).)..))))).)).)).))).))))).)).)))))))).......))...)).).))).).))).)))....))).)).)..)).)))).).).)))..).).)))).)))).))).))).)....).).))).)).).).))))..)))...)..)))..))..)).)..).).)))..))).)..).).)...)).)).))).,.((((.((......((((...(((((((....(((((....))))).....((((((((((........))))))).)))))))).)).)))).....))))))(((..(((((((((.((....)))))...))))))..)))..(((((((((.(.......(((((.....(((((((.((((((((((((..(((((((......(((((((.....)))))).)...)))))))...)))))))).(.((((((((..((((..(((...((((((((.(.(((........)))..).))))))))...))).(((.((....)).)))))))..))))).))).))))).)))))))...(((((((.......((((.........))))....)))))))((....))..(((((((.(((((((((((((....)))))))))))))...((....))....))))))))))))(((((((.(((((....)))))..))))....((.(((((((.((((.(((((.((......)).)))(((((..((((........)))))))))..((((...((((...(((((((...((((((....))))))..(((((....)))))))))).))))))))))))..)))).))))))).))(((((((....(((.(((......)))))))))).)))..)))...(((((((.((((..((......))))))..)))))))..((.(((((.....))))))).....).)))))))))...,0.022900763358778626,-265.1000061035156
bpRNA_CRW_9736|Accession,CGAAUGGAUUAAGAGCUUGCUCUUAUGAAGUUAGCGGCGGACGGGUGAGUAACACGUGGGUAACCUGCCCAUAAGACUGGGAUAACUCCGGGAAACCGGGGCUAAUACCGGAUAACAUUUUGAACCGCAUGGUUCGAAAUUGAAAGGCGGCUUCGGCUGUCACUUAUGGAUGGACCCGCGUCGCAUUAGCUAGUUGGUGAGGUAACGGCUCACCAAGGCAACGAUGCGUAGCGACCUGAGAGGGUGAUCGGCCACACUGGGACUGAGACACGGCCCAGACUCCUACGGGAGGCAGCAGUAGGGAAUCUUCCGCAAUGGACGAAAGUCUGACGGAGCAACGCCGCGUGAGUGAUGAAGGCUUUCGGGUCGUAAAACUCUGUUGUUAGGGAAGAACAAGUGCUAGUUGAAUAAGCUGGCACCUUGACGGUACCUAACCAGAAAGCCACGGCUAACUACGUGCCAGCAGCCGCGGUAAUACGUAGGUGGCAAGCGUUAUCCGGAAUUAUUGGGCGUAAAGCGCGCGCAGGUGGUUUCUUAAGUCUGAUGUGAAAGCCCACGGCUCAACCGUGGAGGGUCAUUGGAAACUGGGAGACUUGAGUGCAGAAGAGGAAAGUGGAAUUCCAUGUGUAGCGGUGAAAUGCGUAGAGAUAUGGAGGAACACCAGUGGCGAAGGCGACUUUCUGGUCUGUAACUGACACUGAGGCGCGAAAGCGUGGGGAGCAAACAGGAUUAGAUACCCUGGUAGUCCACGCCGUAAACGAUGAGUGCUAAGUGUUAGAGGGUUUCCGCCCUUUAGUGCUGAAGUUAACGCAUUAAGCACUCCGCCUGGGGAGUACGGCCGCAAGGCUGAAACUCAAAGGAAUUGACGGGGGCCCGCACAAGCGGUGGAGCAUGUGGUUUAAUUCGAAGCAACGCGAAGAACCUUACCAGGUCUUGACAUCCUCUGAAAACCCUAGAGAUAGGGCUUCUCCUUCGGGAGCAGAGUGACAGGUGGUGCAUGGUUGA,(.(((.(...((((.(((((((....((((..(((..(...(...(.(.(..(.(.(((((....(...(...(((...((((...(.(...(((((..((.(.(.(..((......((((....(((..((((((.((((.(((.....(..(..(((((((((.(((..((.(((((.((.(.((((.(((((.(.(.(((.(...(((.((.(((...((((((.(((((...(.(.(...(..(....(((((((((.(.((.(.(....((...((.((((...(..(((((.(.....(((((.(((...((..(..(..((.(((((.(((...(.(.(..(((.(..(.((((((..(.((.....(((.(.((.((..((((.((.....(.(...(.(.(((.(..(.((((((((((.(((..((....(...(...((..((((..(.((.((.((((..(.(.((..(..(((.((.(.((.(((....((.((..((.(.((((.(.(.((....(((((...(.....(..((..(.(((((((.(.).)))))).)..)))))).)))))))).).))).))..)).)).))))))))....).)))))).))))))))...))))))))).).))))))).).)..))..).)))).))))))))))))).)..)).)))).))).))))))))).)....).))..)))).)).).).))..).)))))).))).).))..))).).))))..)))).)))))))))).))))...)))).)))).))).))).).).))).)).))))))).)))))..)).)))..)).)..)).)).)))...).))))..))).)).)))...)).).)).).))))))))))))).)..)))))).))))))))).))).)))).))))))))))..))).)).))))))))).))..).))..)))).)))..)...)..).)))..).).,.........((((((....))))))...(((((((((((..(((((..((.....(((((...)))))(((((((.((((..((.((((((....)))))).))...)))).....((((((((((....)))))))))).....((((((....)))))).)))))))))..)))))))))))..)))))..((((((((.......))))))))..((((.((((...((.(((((((((((((.((((((...(((((.(((.....)))))))).((((....))))......((((((..(((((.((...((((....))))......((..((((((.((.(((.....((((((((((((((.....((((..((((((......((((((((((((.....)))))))).))))......)))))))))).....)))))).....(((((.....(((.(((((((.((..((((((....))))))))..)))))))))).....)))))(.(((((((...(((((((((...((((....((((((.....))))))....))))...........)))))))))((((((..((((..(((...((((((((.(.(((........)))..).))))))))...))).(((.((....)).)))))))..)))))).((((((((..(((((....(((((((..((...((((.........))))))..)))))))((....))....))))).))))))))(((((....)))))..((((((...............))))))))))))).)((((.(((((....)))))..))))...........))))))))))).)).))))))..))..((.((((......)))).))))))))).))))))..))))..)))))))))).....(((((....)))))((.((((....)))).)).....))))).)))))).)))).,0.024691358024691357,-370.6000061035156
bpRNA_CRW_48156|Accession,GCCGGAAUAGCUCAGUUGGUAGAGCAGAGGACUGAAAAUCCUCGUGUCACCAGU,........(...(...((((.((.(((((((.(.)...))))).)))))))))),...............(((((.((...(((((.......)))))...))))))).,0.6875,-12.600000381469727
bpRNA_CRW_27788|Accession,GCGACCGGGGCUGGCUUGGUAAUGGUACUCCCCUGUCACGGGAGAGAAUGUGGGUUCAAAUCCCAUCGGUCGCGCCA,((((((((((.(...((.(.(((..(.((((((.((.))))).)))))).).....)))).)))..)))))))....,((((((((((...(((.......)))...))))......((((..((((....))))...))))...))))))....,0.23076923076923078,-27.700000762939453
RF00057_CP000647.1_1404566-1404503,UUCAGUACGACAUUGCUCACAUUGCUUCCAGUAUUUUUGCCCGCACUUGUGCGGGCUUUUUUUA,.(.((..(((((.(((.((.(.(.(.(..)).)))...)...))).).)).))..))......),...(((((......((.......)).....)))))...(((((((....)))))))........,0.0,-17.100000381469727
RF00005_X51398.1_2-75,GCUUGCUUAGCUCAAUUCGGUAGAGCUUUGGUUUUGUAAACCAAAGGUUAUCGGUUCAAGUCCGAUAGCAAGCU,((((((.((..((.(((.((((.(.((((((..((.())))))))).))).)....))).)..)))))))))).,(((((((..(((..(.(((((((..(((((((((...))))))))).))))))).)..))).....))))))).,0.5185185185185185,-26.200000762939453
bpRNA_CRW_21347|Accession,GGGGCCAUAGCUCAGCUGGGAGAGCGCCUGCCUUGCACGCAGGAGGUCGGGAGUUCGAUCCUCCCUGGCUCCACCA,((((....(((.((...((((((.((.(((((.(.(.(().))))).)...))..)).)).))))))))))).)).,(((((((..((((........))))((.(((...))).)).(((((((((....)))).))))).)))))))....,0.0,-32.79999923706055
RF01794_CU928162.2_1707615-1707441,GGGUGCUUGAGGCUAUCUGCCUCGGGCAUGAACACCAACGGCAGAUAGAGAAAAGCCCCAGUUAACAUUAUGCGUCUUGCAGGACGCUUAACAUUAAUCUGAGGCCAAUUUCAUGCUAGUCACAUGUAGGUUAGCCUCUUACACGCCGAAAGGCAAGGAGAAGCAGGCUAUGAAG,.....(((.(((((.((((((((.(((.((((((((.(...(((((((((.((((.(((((((.(.((((.(((((.(())).))))).))..)))).))).)))...)))).).))).))...))).)))..)..).)..)).)))))..)))).).).).))...)))..).),..(((((((((((.....)))))))))))....(((.(((...(((((.((((.(((.(((((((..(((.((((((....)))))).)))..)))).))).)))...))))...)).)))...))).)))(((((((((....(((....)))......))).)))))).....,0.35,-59.29999923706055
RF00010_CP001098.1_1331603-1331257,UAAGUUGGCCGAAUGGUCGCGGCUAUAUAUAUAGCCGAGGAAAGUCCGAGCUUCACAGGGCAGGGUGCUGGGUAACACCCAGUGGAGGUGACUCCCAGGAAAGUGCCACAGAAACAAACCGCCUUACCUGUUUAAUGGUAAGGUAAGGGUGAAAAGGUGAGGUAAGAGCUCACCAGUGCCCAGGUGACUGGGUAGCUAGGUAAACCCCACCCGAAGCAAGUCCAUGUAGGGGGAGUUAAGGGUGGCCCGCCCGUUCCCCGGGUCUGGACGCUAAAGGUACCAGGCGACUGGUAUCUCAGAUAGAUGACCAUUCAAGACAGAACUCGGCUUACAGGUCAACUUAUACU,((((((.((((((..(.(.(.(....((.(.(.(.(((((..(.((((((..(.((....((..(((((.(((...(.((..(..((((((..(((.((.(((.(((((.....(.((((.((...((....((((((..(..(....(((....((((.(((.(.((((.((((((.(((.)).)))))).)))))...))..))).)))).)..))..))))).))))))).)))..)).)))))......))))..)))))...)).)))..)))))))).).))))))).))).)...)))..)).).)..).)).)).))))))).).)).)))))))....,((((((((((((((((((((((((((....))))))).(((...)))..(((((...(((..(((((((((((...)))))))((((....))))..((......))..........(((((((((((........))))))))...))).....((((((.......))))))(((((((((....))))))).))......))))..))))))))..(((((.....(((((.....(((((...)))))..))))).....))))).....(((((((((....)))))))))........)))))))))(((.(........))))...))))))))))....,0.07272727272727272,-142.5
bpRNA_CRW_26861|Accession,UCCGUGAUAGUUUAAUGGUCAGAAUGGGCGCCUGUCACGUGCCAGAUCGGGGUUCAAUUCCCCGUCGCGGAGCCA,((((.((.(..(((((((.(((((..((()))).))...)))))..).....)..))))))..)..)...)....,((((((((.............((...(((((.......)))))...))((((.......))))))))))))....,0.045454545454545456,-24.399999618530273
bpRNA_CRW_14378|Accession,GAUGAACGCUGGCGGCGUGCCUAAUACAUGCAAGUCGAGCGAACAGAUGAGAAGCUUGCUUCUCUGAUGUUAGCGGCGGACGGGUGAGUAACACGUGGGUAACCUACCUAUAAGACUGGGAUAACUCCGGGAAACCGGGGCUAAUACCGGAUAAUAUAUUGAACCGCAUGGUUCAAUGUUGAAAGACGGUUUCGGCUGUCACUUAUAGAUGGACCCGCGCCGUAUUAGCUAGUUGGUAAGGUAACGGCUUACCAAGGCAACGAUACGUAGCCGACCUGAGAGGGUGAUCGGCCACACUGGAACUGAGACACGGUCCAGACUCCUACGGGAGGCAGCAGUAGGGAAUCUUCCGCAAUGGGCGAAAGCCUGACGGAGCAACGCCGCGUGAGUGAUGAAGGUCUUAGGAUCGUAAAACUCUGUUGUUAGGGAAGAACAAAUUUGUUAGUAACUGAACAAGUCUUGACGGUACCUAACCAGAAAGCCACGGCUAACUACGUGCCAGCAGCCGCGGUAAUACGUAGGUGGCAAGCGUUAUCCGGAAUUAUUGGGCGUAAAGCGCGCGUAGGCGGUUUCUUAAGUCUGAUGUGAAAGCCCACGGCUCAACCGUGGAGGGUCAUUGGAAACUGGGGAACUUGAGUGCAGAAGAGGAGAGUGGAAUUCCAUGUGUAGCGGUGAAAUGCGCAGAGAUAUGGAGGAACACCAGUGGCGAAGGCGGCUCUCUGGUCUGUAACUGACGCUGAUGUGCGAAAGCGUGGGGAUCAAACAGGAUUAGAUACCCUGGUAGUCCACGCCGUAAACGAUGAGUGCUAAGUGUUAGGGGGUUUCCGCCCCUUAGUGCUGCAGCUAACGCAUUAAGCACUCCGCCUGGGGAGUACGACCGCAAGGUUGAAACUCAAAGGAAUUGACGGGGACCCGCACAAGCGGUGGAGCAUGUGGUUUAAUUCGAAGCAACGCGAAGAACCUUACCAAAUCUUGACAUCCUCUGACCGCUCUAGAGAUAGAGUUUUCCCCUUCGGGGGACAAAGUGACAGGUGGUGCAUGGUUGUCGUCAGCUCGUGUCGUGAGAUGUUGGGUUAAGUCCCGCAACGAGCGCAACCCUUAAGCUUAGUUGCCAUCAUUAAGUUGGGCACUCUAGGUUGACUGCCGGUGACAAACCGGAGGAAGGUGGGGAUGACGUCAAAUCAUCAUGCCCCUUAUGAUUUGGGCUACACACGUGCUACAAUGGAUAAUACAAAGGGCAGCGAACCCGCGAGGUCAAGCAAAUCCCAUAAAAUUAUUCUCAGUUCGGAUUGUAGUCUGCAACUCGACUACAUGAAGCUGGAAUCGCUAGUAAUCGUAGAUCAGCAUGCUACGGUGAAUACGUUCCCGGGUCUUGUACACACCGCCCGUCACACCACGAGAGUUUGUAACACCCGAAGCCGGUGGAGUAACCUUUUAUUAGGAGCUAGCCGUCGAAGGUGGGACAGAUGAUUGGGGUGAAGUCG,......((((..(..(...((.(((.(((.(..(((.(.(...(...((((..((.(((.((.((.((((((.((((...(((((..((.((((((.(((....(((((.(..(((....(.(((.(((((.((.(...(.(.(((((.(.((((.(((((((.(((((.((((.(((.(...((.(((.((.((((.(((((((((((((((((((((..(..((.(((.(((..(...((.(....(((((.((((.(((.(..((((((.(.((.(.((((.(((..(....(.(.(.(.((((.((...(((..((((((.((((((((((((.((..(.(...(((.(((....(..((...(((..(.((((.....(.(.(((..(.((((..((..(..((.....(((.((((...(((.(.((((((.....(..(.((.(.(((((.(.((((.(.(.(.((((((..(.((((.(.(..(.((.((((.(.((..(.((.(((((.((((.((((((.(..((.(..((.(.((..(.((.((..(.((.(...(((.(((.(...((.(((.(.(((..((((.((((.(((((((.((((((((.....((..((((((((.((.(.((((.((.((((.(..((..((((.((((..((..(.((.(((.(....((.(((((.((..(....((.....(.((.(.(.(....(((.(((.(..(.(.((...((((..(((.(..(((((((().)).)).)).).)))))))))).))))).).))))).))).)))))))..)).)).)))))..).))).))))))))..)).)).)))))).)))......).)))))..))).))....).))..).))).))).....))).)))..).).)).)))..)))))))))).))))).))).))).)..))))))))))).).))..)))).)).)).).))))...))...))..))))).)))....))..))))).).)))).).)))))))))))))))..)))))).).)).)))..))...)))).)))))))))))))).)))).)).))))))).)))))..)))))).).))))..).).)))))..)..)...))).)))).).)))..))).).)))..))))))).))))))).).)..)).))))))..))))..)..))).)))))))))...)))).)))).))).))))...))..))...))...).).....)))..).)....)).)..)))).)).))))))))).)...).).))..))..))..).)).)..))..)))))).).))))))))))))).)))).)).)..)...)).).))))))....)..))).))))))..)))).)..)..).).....)).)))))).)))).)).).))))..)).)))))))))))..).).)),......(((((((.(((((.......)))))..))).))))((((...((((((....))))))...))))..((((.((((((((.((.....(((((...))))).(((((((((.((....((((((....)))))).((((.(((((((((((((((((((....))))))))))......(((((((.(((((((((((((((((...(((((((((((((.(((..((((((((.......)))))))))))...))))))..((((((((....)))...)))))....(((((.(((.....)))))))).((((....))))...)).)).))).))))((((...(((((....))))).))))((......)))))))))))...))))...))))))).....((((..((((((......((((((((((........))))))).)))......))))))))))..(((((......(((((((((.((....)))))...)))))))))))....))))))))).))))..(((((((...(((.(((((..(((((((((..(((((((......(((((((.....)))))).)...)))))))...)))))))))(.((((((((...((((((((...((((((((.(.(((........)))..).))))))))...)))..((.((....)).)))))))..))))).))).).((((((.(((((..(((((((.......((((.........))))....))))))).((.(((...(((((((.(((((((((((((....)))))))))))))((((((((.((.(((((.(((((......))))).(((((....)))))..........((.(((((((.((((.((((..(((((((((.(((((((((..((((........))))))))).............)))).)))).)))))((((....))))....(((((....)))))..............))))..)))).))))))).))(((((((....(((.(((......)))))))))).)))....)))))))))))))))...((......)))))))))...))).))..(((((.....)))))....(((.(((.((((.(......).)))).))))))..(((((.((((.((..((.(((.....(((((((.....(((..((....((....))....))....))).....)))))))..))).))...(((((((........))))))))).)))).)))))........))))).))))))...))))))))..))))))))).)))))))))...)))))))))).((((.(((..((((((..(((((((...((((..(((..(((......))).))).)))))))..))))..))))))..))).))))..)))),0.012371134020618556,-514.7000122070312
RF00001_U18089.1_3485-3600,UCUGGCGGCCAUAGCGCAGUGGAACCACCCCUUCCCAUCUCGAACAGGACCGUGAAACGCUGCAGCGCCUAUGAUAGUUGAGGGUCUCCCUCCGCGAAAGUCGGUCACCGCCAGAC,((((((((((((..(((((.((.(..(.(((.(..((.(((..(.(((..((((...(().))).))))).)))..)).)))))).)))))..))))...).)).).).)))))).,((((((((.....((((((((....(((.(((((.......))..)))...)))...)))))).))(((.((....((.(((((...))))).))....)).)))..)))))))).,0.15,-39.900001525878906
RF01074_AF473561.1_1475-1514,GGGAAACGGGAGAGCGGCAGCGCCCGCCGAAACAACCGCA,..(...((((.(.(((((.()))).)))....)..)))).,((....(((..(.(((....))))..)))......))...,0.0,-10.300000190734863
bpRNA_CRW_49053|Accession,GUUGGGAUACCUCAG,..((((.())).)).,..((((....)))).,0.4,-2.0999999046325684
bpRNA_CRW_32013|Accession,GCGGGCGUAGCUCAAUGGUAGAGCUGUAGCUUCCCAAGCUACUGACGUGGGUUCGAUUCCCAUCGCCCGCUCCA,(((((((.(..(.(((.(.(.(.(((((((((...)))))))..).))...).).)))...)))))))))....,(((((((.(((((.......)))))(((((((...)))))))....(((((.......))))))))))))....,0.5833333333333334,-33.29999923706055
bpRNA_CRW_41883|Accession,GACUCGUUAGCUCAGCCGGUAGAGCAACUGGCUUUUAACCAGUGGGUCCGGGGUUCGAAUCCCCGACGAGUCACCA,((((((((.((.(..((.(..((.(.(((((...(())))))))..)))))))..).)).)...)).)..))....,(((((((......(((((((......)))))))....(((....))).(((((.......))))))))))))....,0.08333333333333333,-30.5
bpRNA_CRW_16392|Accession,CACCUCUUCCCAUUUCGAACAGAGAAGUUAAGCCCAA,....(((((((.(((())).)).)..)..)))...).,...((((((.......))..)))).............,0.0,-1.7999999523162842
RF01689_AACY023022368.1_358-488,AUACUGAAAUGCAUGGUGGGAAAUCAGUGUGAAAUUCAUUGGCUGUACCUGCAACCGUAAAGUCGGAGCGCCACCCAGUAAAGUCCGCUGUUGAAUGAGGGCCAGGGAGAGUCUAGUUCUACUAAUAUCUA,.((..(..((..((.((...(((.(....(..((.((.(((((....(((.(.(...(((((.((((....((..(.))...))))))).)).).)))))))))...))).).))))).))).).)))))),.(((((...((((.((((.(...((((((.......)))))).).)))))))).(((......))).........)))))..((((.(........).)))).....(((...((((...))))...))).,0.0,-26.299999237060547
bpRNA_CRW_30182|Accession,GGCCCGUUGGUCAAGUGGUUAAGACACCGCCCUUUCACGGCGGUAACACGGGUUCGAAUCCCGUACGGGUCAUCU,(((((....((..((.((((..(((.(((...(((.((.()).))).)))))).).)).))).)))))).)..).,(((((((..(((..........)))((((((.......))))))...(((((.......))))))))))))....,0.12,-29.299999237060547
